Student ID,Student Name,Course ID,Section ID,Teacher,Assignment 1 (2026-01-09),Assignment 2 (2026-01-11),Assignment 3 (2026-01-13),Assignment 4 (2026-01-15),Assignment 5 (2026-01-17),Assignment 6 (2026-01-19),Assignment 7 (2026-01-21),Assignment 8 (2026-01-23),Assignment 9 (2026-01-25),Assignment 10 (2026-01-27),Assignment 11 (2026-01-29),Assignment 12 (2026-01-31),Assignment 13 (2026-02-02),Assignment 14 (2026-02-04),Assignment 15 (2026-02-06),Assignment 16 (2026-02-08),Assignment 17 (2026-02-10),Assignment 18 (2026-02-12),Assignment 19 (2026-02-14),Assignment 20 (2026-02-16),Assignment 21 (2026-02-18),Assignment 22 (2026-02-20),Assignment 23 (2026-02-22),Assignment 24 (2026-02-24),Assignment 25 (2026-02-26),Assignment 26 (2026-02-28),Assignment 27 (2026-03-02),Assignment 28 (2026-03-04),Assignment 29 (2026-03-06),Assignment 30 (2026-03-08),Assignment 31 (2026-03-10),Assignment 32 (2026-03-12),Assignment 33 (2026-03-14),Assignment 34 (2026-03-16),Assignment 35 (2026-03-18),Assignment 36 (2026-03-20),Assignment 37 (2026-03-22),Assignment 38 (2026-03-24),Assignment 39 (2026-03-26),Assignment 40 (2026-03-28),Test 1 (2026-01-27),Test 2 (2026-02-16),Test 3 (2026-03-08),Test 4 (2026-03-28),Current Grade
1001,Emma Wilson,BUZZ-ELA-8,SEC-02,Mr. Anderson,90,74,96,94,,89,94,79,83,96,94,82,,80,96,77,89,82,82,93,85,85,79,74,74,73,72,79,95,75,78,74,87,93,83,94,93,75,75,81,77,94,89,86,84.3
1002,Isabella Martin,BUZZ-MATH-7,SEC-02,Mr. Edwards,84,65,70,64,76,72,66,74,82,74,74,79,,83,81,79,75,69,,,70,69,72,86,63,84,85,70,85,79,64,64,76,72,63,72,62,65,82,73,65,64,68,75,73.0
1003,Hannah Shah,BUZZ-SCI-7,SEC-03,Mr. Edwards,60,40,59,56,40,52,39,,62,44,47,54,43,57,56,51,63,49,40,39,56,49,54,58,49,42,48,,55,60,43,54,47,55,63,57,58,55,49,51,43,52,45,43,50.9
1004,Ryan Garcia,BUZZ-SCI-7,SEC-03,Mr. Anderson,57,65,67,57,63,,68,71,64,60,54,66,77,76,,64,75,62,55,55,66,71,61,67,60,71,74,62,57,61,74,77,55,72,,58,72,67,64,59,58,57,70,59,64.6
1005,Noah Singh,BUZZ-ELA-8,SEC-02,Mr. Anderson,52,61,64,59,51,57,58,63,49,49,59,62,59,43,46,53,54,42,50,60,47,51,56,50,45,45,64,51,,66,48,62,60,50,53,49,51,57,45,62,56,54,56,51,54.0
1006,Lucy Hall,BUZZ-MATH-8,SEC-01,Mr. Chen,86,81,84,66,83,78,,80,83,71,79,71,70,83,79,86,80,80,85,,88,70,82,75,73,77,74,66,73,73,77,83,83,69,81,85,70,81,88,80,74,77,70,70,77.7
1007,Paisley Mitchell,BUZZ-MATH-7,SEC-01,Mr. Anderson,79,88,89,98,81,100,85,93,,82,87,79,83,,84,87,84,96,93,94,92,92,79,98,,81,82,95,80,94,88,100,100,89,80,88,93,90,100,88,91,85,90,81,88.7
1008,Aurora Carter,BUZZ-MATH-8,SEC-02,Ms. Baker,82,99,94,83,94,98,91,93,100,87,99,80,91,79,84,82,84,100,,78,91,85,83,91,78,82,82,96,85,99,80,86,98,86,,84,79,85,90,90,93,92,95,98,88.7
1009,Mateo Kim,BUZZ-MATH-7,SEC-01,Ms. Davis,100,100,85,90,100,99,95,88,87,87,100,,100,90,100,97,98,100,84,88,100,100,83,88,94,,100,85,100,100,100,83,85,89,96,87,100,,100,100,100,100,95,100,94.5
1010,Theodore Singh,BUZZ-SCI-7,SEC-01,Mr. Anderson,73,87,73,89,83,73,88,80,86,94,77,72,80,87,,76,78,80,,75,88,87,89,93,91,77,84,83,73,92,82,89,92,75,82,91,74,84,86,71,75,,78,91,82.4
1011,Lucy Flores,BUZZ-MATH-8,SEC-01,Mr. Edwards,62,79,60,79,75,69,62,66,56,66,59,63,56,72,72,65,55,70,63,57,74,78,58,72,55,65,72,78,60,58,66,65,65,56,73,,62,72,59,67,75,70,62,,65.9
1012,Charlotte Clark,BUZZ-MATH-7,SEC-03,Mr. Anderson,72,73,67,74,77,71,68,74,75,68,60,72,77,74,59,59,64,78,74,,74,69,58,66,68,76,82,67,70,72,79,66,62,70,63,70,58,76,63,80,60,68,73,67,69.6
1013,Chloe Green,BUZZ-ELA-7,SEC-02,Mr. Chen,51,64,47,68,,59,,47,45,60,64,48,66,66,67,46,68,53,59,62,56,44,52,53,58,49,47,59,,55,44,58,67,44,61,62,60,48,57,50,48,60,48,51,55.4
1014,Logan Nelson,BUZZ-SCI-7,SEC-01,Ms. Davis,84,100,81,78,96,77,99,85,95,83,90,93,93,96,98,91,88,94,,93,81,78,80,95,84,79,92,89,95,96,,80,97,92,90,85,78,84,78,80,82,80,81,85,87.5
1015,Mateo Rodriguez,BUZZ-ELA-7,SEC-02,Mr. Edwards,91,88,83,93,69,89,,76,81,83,73,90,76,77,90,85,78,69,79,73,93,73,75,87,91,79,84,78,80,72,77,,93,91,84,,86,74,86,69,84,,91,86,81.9
1016,Riley Chen,BUZZ-MATH-8,SEC-02,Mr. Edwards,66,69,61,69,63,,76,72,68,,64,66,61,71,,72,68,69,,67,72,71,63,75,82,65,65,76,60,65,70,60,79,68,66,81,66,74,60,68,,67,61,70,68.4
1017,Nora Carter,BUZZ-MATH-8,SEC-03,Ms. Baker,68,75,66,77,80,77,82,77,86,65,63,82,82,72,84,81,84,73,76,65,72,62,72,76,86,84,70,63,70,,74,72,76,80,73,79,65,79,69,64,71,82,78,84,74.8
1018,Aurora Thompson,BUZZ-MATH-8,SEC-01,Ms. Davis,50,49,53,50,48,68,67,57,67,58,67,65,64,57,48,60,67,68,60,63,69,46,56,65,48,65,58,48,68,60,67,60,60,49,58,69,67,61,70,,50,68,49,,59.5
1019,Mason Ramirez,BUZZ-ELA-7,SEC-02,Ms. Baker,77,79,94,,91,96,82,77,80,73,76,82,82,80,89,86,,94,86,76,87,93,90,90,95,90,91,83,93,88,79,73,81,93,77,72,80,87,89,90,94,,86,76,84.8
1020,Aria Scott,BUZZ-MATH-7,SEC-02,Ms. Davis,53,56,61,49,52,48,52,49,48,47,,54,60,53,60,56,44,55,63,61,57,56,63,53,51,,40,44,52,41,40,64,49,41,63,61,50,,57,54,53,50,49,54,52.8
1021,Ethan Hill,BUZZ-MATH-8,SEC-02,Mr. Chen,85,100,80,90,99,80,85,92,83,,80,94,86,96,85,92,99,83,90,84,86,82,93,83,93,98,95,83,86,92,80,85,82,88,97,89,84,85,100,91,95,87,83,95,88.7
1022,Victoria Rivera,BUZZ-ELA-8,SEC-01,Mr. Chen,100,98,90,93,100,89,85,86,100,,99,82,92,100,88,87,98,82,95,100,100,85,92,100,100,87,97,82,90,89,100,100,100,89,91,100,94,91,94,83,92,98,,97,93.2
1023,Benjamin Martin,BUZZ-SCI-7,SEC-02,Ms. Davis,85,73,69,68,71,68,70,64,81,63,,85,83,74,82,87,85,73,68,,68,68,85,87,73,68,,83,73,72,70,67,82,75,84,77,84,66,63,81,,73,81,76,75.1
1024,Anthony Patel,BUZZ-ELA-8,SEC-03,Ms. Davis,88,96,77,93,77,74,80,80,89,87,,83,94,81,83,76,92,92,,89,,92,87,77,80,78,94,82,89,90,86,83,76,94,96,92,76,89,92,74,77,91,94,,85.5
1025,Olivia Brown,BUZZ-MATH-8,SEC-02,Mr. Chen,70,86,74,83,78,92,70,72,79,74,82,83,93,85,82,86,80,69,82,80,90,74,85,91,,90,82,92,75,71,85,93,75,88,74,,84,80,70,91,91,91,88,78,81.9
1026,Eleanor Rivera,BUZZ-SCI-7,SEC-01,Mr. Anderson,97,86,100,99,87,100,99,96,91,88,79,94,95,80,93,81,91,80,95,83,100,100,100,100,,79,81,93,80,78,80,97,85,97,96,91,96,100,92,78,85,80,,82,90.1
1027,Noah Kim,BUZZ-SCI-7,SEC-02,Mr. Anderson,73,68,53,75,57,57,60,67,70,63,57,71,55,66,73,74,55,64,55,65,55,66,69,72,71,63,61,67,59,54,56,68,74,74,63,65,74,64,61,71,60,70,58,73,64.7
1028,Anthony Thomas,BUZZ-MATH-8,SEC-01,Ms. Davis,,96,87,95,85,80,88,81,89,84,96,77,79,93,79,93,87,89,,84,96,98,86,98,91,,76,89,85,82,83,80,80,88,83,93,82,88,77,97,95,83,87,95,87.2
1029,Victoria Lee,BUZZ-MATH-8,SEC-03,Ms. Baker,76,73,73,83,87,82,95,93,90,95,83,91,88,73,92,,93,92,73,91,73,85,84,92,77,82,,85,78,76,83,88,77,93,,76,93,84,87,90,85,89,84,90,84.7
1030,Anthony Rodriguez,BUZZ-MATH-7,SEC-01,Mr. Anderson,96,97,,86,81,90,92,75,92,94,83,76,82,86,97,75,99,81,89,90,98,83,82,79,99,95,92,87,97,78,91,89,86,91,99,82,92,91,85,77,,95,87,88,88.2
1031,Isabella Ramirez,BUZZ-ELA-8,SEC-03,Mr. Edwards,64,57,66,67,67,66,63,65,47,53,58,56,54,58,54,47,43,65,47,45,63,66,54,62,59,49,60,56,53,59,62,43,66,55,57,45,60,66,64,63,63,60,51,60,57.7
1032,Layla Green,BUZZ-MATH-8,SEC-01,Mr. Edwards,64,65,71,,57,64,70,65,81,78,74,79,62,80,68,,59,62,70,75,71,81,72,65,77,62,61,61,60,64,80,77,61,65,63,,70,,,62,68,76,72,63,68.6
1033,Bella Davis,BUZZ-ELA-7,SEC-02,Mr. Edwards,51,47,56,60,59,43,62,46,51,48,55,54,51,53,50,67,63,45,54,62,51,63,43,66,,60,65,49,,49,,53,57,59,49,53,45,44,47,51,60,62,63,53,54.1
1034,Olivia Taylor,BUZZ-MATH-7,SEC-03,Ms. Baker,70,57,63,77,78,72,69,64,58,81,77,81,72,59,74,78,73,64,60,,58,70,58,76,65,71,,72,78,65,68,71,70,,77,57,63,64,66,68,62,,70,75,68.8
1035,Victoria Flores,BUZZ-MATH-8,SEC-02,Mr. Edwards,54,65,54,64,77,70,74,63,55,75,,67,55,68,68,76,74,72,55,77,77,69,63,75,54,61,63,74,59,73,54,62,63,75,,57,54,53,68,75,57,68,64,60,65.3
1036,Owen Young,BUZZ-MATH-7,SEC-01,Mr. Anderson,58,59,67,68,73,74,58,77,65,67,74,71,61,65,77,61,69,55,74,54,69,67,63,61,71,64,55,78,67,56,64,60,70,69,67,62,73,76,71,70,69,66,61,57,66.2
1037,Lily Taylor,BUZZ-MATH-8,SEC-03,Ms. Davis,67,87,73,75,69,68,75,87,,86,85,87,89,73,82,68,86,69,89,88,69,69,73,78,69,67,67,85,77,84,69,80,80,72,89,74,87,69,81,71,87,84,85,69,77.6
1038,Thomas Martin,BUZZ-ELA-8,SEC-01,Mr. Anderson,70,,55,63,61,55,57,64,,78,60,76,79,66,63,60,69,73,76,65,76,,55,58,64,,63,60,79,58,73,71,70,77,61,59,75,68,71,62,64,71,,69,66.5
1039,Eleanor Torres,BUZZ-ELA-7,SEC-03,Mr. Anderson,85,77,86,75,78,82,,87,83,87,77,70,75,85,69,80,70,81,65,78,75,67,76,74,68,74,70,69,72,78,74,68,,69,72,88,82,80,88,84,66,70,82,66,76.2
1040,Aurora Johnson,BUZZ-ELA-8,SEC-02,Mr. Anderson,88,91,87,85,,98,88,98,100,94,87,90,100,93,83,99,81,100,100,98,89,81,100,92,87,,89,92,96,,84,82,92,88,85,98,87,88,100,82,100,93,96,100,91.7
1041,Penelope Ramirez,BUZZ-ELA-7,SEC-02,Mr. Edwards,53,54,53,44,60,51,48,51,42,62,44,63,42,63,65,49,53,59,61,54,42,62,45,44,49,64,60,45,60,64,,42,54,43,49,63,65,52,62,,,44,45,62,53.3
1042,Gabriel Campbell,BUZZ-MATH-8,SEC-03,Ms. Baker,71,64,61,60,55,69,49,64,67,63,50,52,59,54,57,54,61,70,49,63,70,47,47,49,49,70,62,48,51,69,47,47,63,66,66,70,69,63,49,53,54,,63,58,58.7
1043,Emily Kim,BUZZ-MATH-8,SEC-02,Ms. Davis,55,73,60,61,68,63,57,67,54,69,60,63,51,59,49,54,56,65,73,67,58,73,52,65,68,66,65,58,66,60,58,60,54,,51,55,59,52,50,49,54,66,63,70,60.4
1044,Lucy Williams,BUZZ-ELA-8,SEC-03,Mr. Anderson,47,,68,64,69,69,62,68,47,47,61,51,47,47,61,53,64,51,56,54,55,49,65,53,47,65,63,46,58,70,68,49,60,58,69,,68,60,56,56,65,61,53,59,58.1
1045,Lily Walker,BUZZ-ELA-7,SEC-01,Mr. Edwards,93,81,79,93,97,98,91,96,82,91,76,93,87,85,79,90,95,96,89,81,98,74,78,86,97,78,89,76,82,90,90,82,83,77,76,,93,76,95,85,81,81,87,95,86.5
1046,Natalie Nguyen,BUZZ-MATH-8,SEC-02,Mr. Chen,74,60,64,71,65,72,71,75,65,51,53,67,64,57,66,63,57,63,63,74,56,55,57,60,69,53,65,69,66,,56,66,60,68,58,52,58,64,70,52,53,70,64,70,62.9
1047,Gabriel Smith,BUZZ-MATH-8,SEC-03,Ms. Baker,85,84,82,78,93,98,96,74,87,98,78,82,85,76,98,76,89,95,86,76,95,87,94,78,96,95,94,88,95,78,98,82,96,85,76,93,92,94,89,87,78,77,96,84,87.3
1048,Daniel Mitchell,BUZZ-ELA-7,SEC-03,Ms. Davis,100,83,90,100,94,88,95,92,93,90,84,91,84,98,92,83,98,100,99,96,100,99,100,83,85,94,99,93,99,89,100,89,96,99,87,95,,84,87,96,91,100,100,85,93.0
1049,Lily Adams,BUZZ-ELA-7,SEC-01,Ms. Baker,64,69,48,70,50,50,62,55,55,53,51,49,68,63,68,53,55,70,62,47,49,68,66,48,64,63,56,64,55,50,66,50,56,48,47,67,67,57,47,58,54,65,61,63,58.0
1050,Aurora Hill,BUZZ-ELA-7,SEC-02,Mr. Chen,60,53,45,63,,50,47,63,42,63,44,53,61,,45,46,48,54,42,49,50,58,52,58,47,41,62,60,60,47,54,48,65,60,46,65,61,55,62,44,51,56,56,48,53.2
1051,Sophia Scott,BUZZ-MATH-7,SEC-01,Mr. Edwards,,76,60,62,58,72,60,77,80,80,75,68,72,,79,80,81,,,64,74,63,65,,59,73,72,67,68,65,77,,65,70,76,68,65,68,59,61,68,79,79,60,69.6
1052,Stella Torres,BUZZ-ELA-7,SEC-02,Mr. Chen,78,80,69,,81,71,85,86,79,68,74,74,74,85,69,86,69,91,87,92,85,83,,73,75,,82,84,80,82,76,88,87,81,76,84,88,,,84,85,70,72,89,80.1
1053,Aurora Mitchell,BUZZ-SCI-7,SEC-03,Mr. Edwards,66,67,49,,67,66,57,59,59,70,54,65,54,53,54,,67,66,62,61,63,50,67,66,60,70,61,62,55,69,47,52,61,57,49,56,50,58,53,57,60,64,61,69,59.8
1054,Stella Shah,BUZZ-SCI-7,SEC-03,Ms. Davis,,84,89,91,97,96,100,,95,88,85,82,95,96,98,95,84,89,94,84,93,100,81,83,95,96,,94,100,80,93,100,86,82,88,87,99,84,78,79,,84,87,92,90.1
1055,Ava Kumar,BUZZ-ELA-8,SEC-01,Mr. Chen,45,48,43,46,40,49,47,55,53,58,54,50,54,57,49,58,47,62,61,39,54,60,48,53,55,47,,58,40,60,47,61,47,62,48,56,59,49,52,50,43,61,49,55,51.8
1056,Avery Kim,BUZZ-MATH-7,SEC-02,Mr. Edwards,81,88,95,88,95,80,89,90,91,86,92,98,83,94,,86,99,86,89,93,100,98,100,92,100,100,91,95,90,87,86,83,100,100,100,100,82,83,97,100,91,92,100,86,92.0
1057,Grace Johnson,BUZZ-ELA-8,SEC-01,Mr. Chen,90,81,,90,,89,,,83,,84,,83,85,93,99,93,97,99,100,85,100,80,88,91,85,81,89,,98,86,89,100,87,100,82,93,100,82,84,97,,88,94,90.1
1058,Elizabeth Lopez,BUZZ-ELA-7,SEC-01,Mr. Anderson,49,61,59,45,63,52,53,44,56,65,49,60,51,50,46,51,46,51,57,52,67,65,67,51,50,54,62,54,61,65,57,59,47,52,57,64,56,58,45,46,,59,62,50,55.1
1059,Noah White,BUZZ-MATH-8,SEC-03,Mr. Anderson,69,59,66,71,71,54,66,50,70,64,66,60,51,69,49,48,61,,66,68,60,49,63,,63,53,52,69,67,65,69,49,57,62,62,58,60,70,71,58,63,61,58,67,61.5
1060,Lily Davis,BUZZ-MATH-7,SEC-02,Mr. Chen,67,65,80,78,70,77,78,71,59,,71,70,67,82,70,77,70,83,68,69,73,83,75,75,74,67,61,65,76,79,59,66,62,61,77,61,73,78,68,69,67,62,73,66,70.7
1061,Ethan Adams,BUZZ-ELA-8,SEC-03,Mr. Edwards,92,83,100,93,81,93,91,88,87,89,95,100,96,100,94,94,99,100,95,93,92,98,87,83,,86,100,91,89,81,82,100,100,84,100,89,88,92,100,98,100,91,86,89,92.3
1062,Owen Carter,BUZZ-ELA-8,SEC-02,Mr. Edwards,69,58,62,64,57,58,59,63,58,52,51,58,67,59,72,53,69,69,55,48,,51,69,48,71,56,67,49,68,54,72,49,71,52,61,,67,72,61,56,70,,70,55,60.7
1063,Mason Rivera,BUZZ-MATH-7,SEC-02,Mr. Chen,58,71,54,,58,76,63,61,53,65,76,72,73,59,76,52,69,63,52,69,66,68,70,63,53,61,71,66,69,59,75,62,66,74,60,,55,74,72,75,54,73,62,63,65.0
1064,Aiden Rodriguez,BUZZ-MATH-8,SEC-03,Ms. Davis,61,67,55,68,50,64,65,59,62,50,58,49,67,57,54,58,61,68,52,61,51,55,73,60,71,,66,58,55,57,69,71,53,73,68,68,64,68,50,66,71,67,60,71,61.7
1065,Zoey Jackson,BUZZ-MATH-8,SEC-03,Mr. Chen,52,49,48,57,63,64,71,,65,68,53,71,48,55,63,55,69,71,49,49,61,63,65,55,68,67,59,,53,61,50,49,58,,62,70,70,65,57,64,58,54,49,64,59.6
1066,Natalie Lee,BUZZ-MATH-8,SEC-02,Ms. Davis,,46,50,47,56,50,62,57,43,45,50,66,49,45,61,43,45,63,54,42,49,59,53,56,43,46,56,42,48,56,52,64,61,51,46,47,61,44,53,63,52,57,62,53,52.3
1067,Chloe White,BUZZ-ELA-8,SEC-01,Ms. Davis,69,80,79,82,83,91,74,81,82,68,80,81,73,73,77,84,69,75,78,77,85,85,88,88,89,76,76,76,76,81,91,81,73,73,87,86,68,70,70,70,85,85,87,70,78.9
1068,Avery Garcia,BUZZ-MATH-8,SEC-03,Mr. Edwards,79,83,63,80,68,76,77,72,81,64,65,81,61,61,76,84,65,80,75,72,79,65,71,77,84,71,78,67,80,61,72,83,82,71,82,67,62,78,74,63,79,82,80,77,73.8
1069,Camila Lopez,BUZZ-ELA-8,SEC-02,Ms. Davis,58,41,,,43,55,43,60,48,56,45,60,55,49,61,39,43,40,57,53,40,47,56,55,53,38,50,44,53,54,60,42,40,53,44,49,49,41,52,60,41,55,59,52,49.8
1070,Liam Nelson,BUZZ-ELA-7,SEC-02,Mr. Edwards,60,77,64,56,57,76,70,64,58,80,70,68,80,58,61,,73,67,58,59,57,68,62,73,63,76,59,65,73,64,57,66,57,61,65,60,79,64,67,66,60,65,69,,65.5
1071,Aria Nguyen,BUZZ-MATH-8,SEC-01,Mr. Anderson,66,68,60,65,68,65,60,67,60,57,69,68,75,56,,55,73,74,58,64,59,72,69,53,57,65,52,55,61,58,60,64,53,70,72,61,54,62,74,64,54,57,55,61,62.6
1072,Grace Wilson,BUZZ-MATH-8,SEC-02,Mr. Chen,78,85,93,89,85,90,93,76,89,83,75,89,83,88,93,94,87,84,87,,87,89,81,94,91,84,91,88,80,,88,92,83,87,92,94,93,70,81,79,75,87,90,89,86.3
1073,Ryan Roberts,BUZZ-ELA-8,SEC-03,Mr. Chen,58,59,46,58,61,57,56,66,67,65,47,62,61,66,62,64,54,60,54,53,48,63,54,64,66,53,64,64,44,56,62,65,59,51,63,62,55,52,44,52,55,49,55,64,57.7
1074,Aria Young,BUZZ-MATH-7,SEC-02,Ms. Baker,85,73,74,90,80,82,90,89,79,86,,81,74,,69,70,73,69,73,80,76,81,77,90,82,68,78,76,66,69,76,85,84,77,79,68,75,82,66,86,76,83,83,75,78.0
1075,Sofia Garcia,BUZZ-ELA-7,SEC-01,Ms. Davis,75,52,72,67,66,52,67,70,70,73,66,63,51,64,67,75,74,53,56,66,,61,73,66,69,62,53,71,73,68,70,65,70,60,61,,52,,57,75,,55,68,58,64.7
1076,Emma Nelson,BUZZ-ELA-8,SEC-02,Ms. Davis,73,74,86,77,74,72,,81,75,79,79,66,87,65,73,78,88,77,71,,81,89,74,78,86,71,68,79,65,80,78,71,,80,72,,71,77,81,88,85,73,79,82,77.1
1077,Stella Thompson,BUZZ-MATH-8,SEC-03,Ms. Davis,65,51,61,64,46,56,61,66,60,61,47,,62,49,60,65,63,43,48,53,63,54,55,46,46,,57,48,42,50,46,52,50,,57,47,48,54,63,65,45,61,56,50,54.5
1078,Theodore King,BUZZ-SCI-7,SEC-02,Mr. Chen,61,56,44,61,53,65,53,53,56,44,48,54,45,53,50,53,67,64,54,58,62,62,46,57,51,55,67,67,46,64,58,65,64,55,68,52,57,49,49,62,57,55,47,50,55.8
1079,David Patel,BUZZ-MATH-8,SEC-02,Ms. Baker,53,42,43,60,50,54,44,53,58,64,46,45,61,51,65,42,55,46,47,61,64,56,61,54,44,56,46,49,47,53,60,54,64,60,64,44,54,63,56,54,58,63,,43,53.7
1080,Lincoln Sanchez,BUZZ-MATH-8,SEC-01,Ms. Baker,83,75,69,76,80,92,75,73,92,85,87,78,71,81,79,77,72,74,86,80,81,69,78,91,93,73,78,73,88,79,87,80,69,70,77,87,88,69,85,83,79,87,77,78,79.6
1081,Emma Martinez,BUZZ-MATH-7,SEC-03,Mr. Anderson,84,71,74,85,74,83,87,87,67,79,76,74,83,71,68,78,86,81,68,85,70,,83,,69,84,75,79,81,69,,84,70,83,80,78,73,71,77,87,73,83,73,85,77.8
1082,Logan Lee,BUZZ-ELA-7,SEC-01,Mr. Anderson,63,58,58,42,40,42,51,50,61,58,46,45,59,47,55,44,49,49,,62,58,53,46,48,61,45,47,58,42,60,60,41,60,54,61,64,40,52,54,47,,49,45,53,51.8
1083,Nora Wright,BUZZ-ELA-7,SEC-01,Ms. Davis,52,65,51,67,63,66,67,59,67,,65,,48,59,51,59,64,60,58,68,52,53,71,63,,49,47,56,68,48,64,52,71,50,54,67,56,66,57,67,60,54,57,59,59.3
1084,Isabella Mitchell,BUZZ-MATH-7,SEC-01,Mr. Edwards,67,63,66,56,48,52,63,69,60,50,64,47,53,67,66,47,62,67,61,56,68,53,69,66,,54,63,64,54,60,46,46,58,65,46,53,64,67,48,58,55,55,57,54,58.3
1085,Ethan Rodriguez,BUZZ-MATH-8,SEC-03,Mr. Chen,77,78,74,62,67,64,67,70,79,67,65,65,78,73,65,75,79,79,70,,69,77,66,70,64,67,61,59,,,65,81,77,83,59,81,83,65,,64,68,70,72,65,70.5
1086,Harper Garcia,BUZZ-ELA-8,SEC-01,Mr. Edwards,81,89,81,95,93,88,94,83,100,90,89,88,96,88,94,94,93,98,94,99,94,82,85,88,100,100,100,100,86,85,99,88,94,80,100,100,82,100,100,100,85,83,,90,91.8
1087,Jackson Hall,BUZZ-SCI-7,SEC-01,Mr. Chen,69,89,89,71,88,68,70,75,77,68,82,79,72,90,78,85,73,87,79,73,70,91,72,88,74,69,74,83,87,82,77,81,72,84,81,78,85,69,,70,82,89,83,,78.6
1088,Scarlett Young,BUZZ-ELA-7,SEC-03,Mr. Chen,59,79,61,70,63,63,73,67,70,58,79,65,79,63,79,61,66,73,62,59,58,72,67,75,71,59,64,56,61,,60,63,76,58,80,76,75,58,76,63,68,73,69,60,67.1
1089,Aurora Baker,BUZZ-MATH-8,SEC-01,Mr. Chen,88,91,80,100,95,80,83,81,84,80,94,89,94,87,79,90,85,82,94,84,100,87,83,80,80,88,81,90,78,99,100,,77,84,85,,95,82,78,85,80,98,92,80,86.7
1090,Nora Baker,BUZZ-MATH-7,SEC-01,Mr. Chen,81,81,71,66,82,61,63,71,74,66,64,73,74,82,66,84,62,65,66,74,70,72,76,70,73,63,69,61,64,79,69,65,64,73,72,66,70,79,61,72,68,72,75,,70.4
1091,Leo Taylor,BUZZ-MATH-8,SEC-03,Ms. Davis,92,85,98,85,87,95,76,90,91,82,98,75,89,80,77,88,74,77,98,81,88,75,82,85,92,74,89,96,95,86,76,82,96,94,81,94,88,89,78,76,90,80,78,95,85.8
1092,Luke Moore,BUZZ-MATH-7,SEC-02,Ms. Davis,80,81,77,,,74,90,72,76,69,82,79,81,72,71,80,,90,75,74,77,88,79,71,92,92,80,78,77,69,83,87,72,89,82,,69,93,80,83,90,82,77,90,80.1
1093,Abigail Rodriguez,BUZZ-MATH-8,SEC-01,Mr. Chen,93,100,94,92,96,94,92,88,99,90,93,90,84,96,100,97,99,96,98,95,100,94,95,93,100,90,100,100,90,83,97,89,92,92,98,97,84,92,92,88,92,100,85,93,93.7
1094,Emma Jones,BUZZ-MATH-8,SEC-03,Ms. Baker,99,93,99,97,86,100,90,84,92,100,87,100,81,92,100,,100,,95,92,88,86,80,97,89,88,82,100,92,90,80,86,96,90,82,83,99,90,92,96,83,89,85,100,91.2
1095,Aiden Anderson,BUZZ-MATH-8,SEC-01,Ms. Davis,58,45,57,58,49,,56,49,,48,69,50,48,53,57,67,66,60,62,51,47,45,56,48,69,49,68,64,68,60,51,,54,52,56,57,68,59,67,48,57,49,58,64,56.5
1096,Alexander Nelson,BUZZ-ELA-7,SEC-02,Mr. Edwards,,51,63,50,62,60,51,54,,59,58,58,54,49,60,54,57,65,57,48,48,47,47,58,65,60,56,58,58,48,69,53,58,55,46,57,54,63,68,70,62,66,66,50,57.0
1097,Lily Anderson,BUZZ-MATH-7,SEC-01,Mr. Chen,,55,66,51,57,65,71,47,67,63,68,65,70,68,61,57,63,52,70,63,58,47,58,,59,65,50,54,48,,65,51,64,58,62,51,52,57,60,57,56,67,51,49,59.0
1098,Ethan Jackson,BUZZ-MATH-8,SEC-03,Ms. Baker,80,86,88,80,,68,73,82,75,81,68,81,69,76,85,89,,75,86,90,87,90,,79,73,90,88,67,74,86,87,79,85,74,86,75,71,81,85,76,84,88,73,71,80.0
1099,Mateo Kumar,BUZZ-ELA-7,SEC-03,Mr. Anderson,60,69,59,55,63,53,74,52,70,51,62,61,70,67,60,64,61,71,65,,52,73,74,74,70,53,54,59,64,66,56,53,73,63,64,70,52,70,74,64,60,67,59,63,63.1
1100,Avery Sanchez,BUZZ-MATH-8,SEC-01,Ms. Davis,58,,54,47,45,56,57,54,46,52,47,,54,62,49,61,61,47,52,62,40,,57,53,52,,44,43,,47,62,51,64,53,59,48,54,51,41,60,44,42,43,49,51.8
1101,Ella Singh,BUZZ-SCI-7,SEC-03,Mr. Edwards,66,87,,64,87,73,66,71,70,84,69,81,69,83,80,84,66,69,66,86,84,79,81,79,66,74,,67,79,70,78,78,67,82,72,88,66,84,68,85,83,79,68,84,75.8
1102,Sebastian Lee,BUZZ-ELA-7,SEC-03,Mr. Edwards,63,53,72,52,57,73,59,52,74,68,72,64,64,69,58,68,53,61,54,75,59,67,71,,58,73,74,69,62,72,66,73,70,,57,59,57,55,71,76,63,72,73,64,64.8
1103,John Kim,BUZZ-MATH-7,SEC-01,Mr. Edwards,68,60,53,72,50,48,,66,55,67,72,52,54,59,61,67,54,57,64,55,71,66,54,50,53,68,68,61,52,48,52,68,63,51,72,71,50,,52,52,51,70,69,69,59.9
1104,Daniel Robinson,BUZZ-MATH-7,SEC-01,Mr. Edwards,70,68,50,61,63,63,69,49,71,58,60,70,69,65,68,47,51,67,67,49,69,66,70,,49,51,59,68,,47,61,66,61,64,48,59,57,48,57,48,51,67,60,64,60.1
1105,Natalie Robinson,BUZZ-ELA-8,SEC-01,Mr. Chen,52,71,73,67,52,62,53,50,,54,54,61,73,53,63,52,62,64,61,52,64,57,50,58,61,73,72,72,67,70,70,,74,67,52,52,58,66,60,,61,70,54,63,61.5
1106,Isabella Lopez,BUZZ-MATH-7,SEC-02,Mr. Edwards,68,81,73,90,67,90,82,91,69,78,67,68,87,87,,77,79,81,72,79,77,67,91,87,84,74,68,76,87,67,88,67,73,68,,74,82,70,69,70,74,75,88,78,77.1
1107,Olivia Kumar,BUZZ-MATH-8,SEC-02,Ms. Davis,80,93,81,78,94,82,70,85,84,82,74,83,74,76,73,77,82,76,88,86,85,94,88,94,71,93,83,87,89,75,83,81,76,93,88,84,79,87,79,88,74,86,84,,82.8
1108,Gabriel Baker,BUZZ-ELA-7,SEC-02,Mr. Chen,81,72,68,75,,69,67,77,65,67,66,64,77,69,82,80,73,74,60,60,80,62,60,82,63,79,68,73,79,74,67,67,63,80,64,77,73,83,75,70,64,71,76,68,71.3
1109,Anthony White,BUZZ-ELA-8,SEC-03,Ms. Baker,58,72,51,70,56,68,69,71,70,71,70,74,68,56,70,74,69,70,70,69,65,69,73,72,68,66,53,71,71,72,70,73,52,51,52,52,60,55,72,54,65,,,60,65.3
1110,Christopher Thompson,BUZZ-ELA-8,SEC-02,Ms. Davis,56,53,53,68,53,55,74,70,55,,61,59,61,73,70,67,54,63,,72,66,76,60,61,56,59,55,71,59,62,61,65,52,52,68,60,65,75,59,61,63,,66,70,62.4
1111,Aurora Harris,BUZZ-SCI-7,SEC-02,Ms. Baker,100,84,85,90,100,97,90,96,82,100,100,100,100,96,95,100,91,89,100,92,86,99,100,100,,85,100,95,85,100,100,85,94,99,83,89,94,83,91,91,100,97,89,100,93.8
1112,Daniel Miller,BUZZ-MATH-8,SEC-03,Mr. Edwards,65,56,56,,61,55,63,46,55,70,48,48,70,47,58,46,54,55,55,62,69,50,56,56,54,49,50,70,50,65,55,69,49,56,47,53,58,47,52,49,48,65,60,61,56.0
1113,Alexander Jackson,BUZZ-ELA-7,SEC-02,Mr. Anderson,62,66,58,75,66,76,,74,64,78,66,65,62,78,80,59,77,65,62,66,57,72,57,68,72,58,62,79,77,73,57,,68,57,63,76,62,58,68,72,76,61,75,59,67.3
1114,Jack Chen,BUZZ-MATH-8,SEC-01,Mr. Anderson,76,61,61,79,65,78,56,61,55,70,71,68,75,78,59,63,64,71,62,69,69,67,76,78,67,,77,59,75,74,57,67,58,,62,76,75,60,63,61,72,60,58,74,67.3
1115,Ava Nelson,BUZZ-ELA-7,SEC-02,Ms. Baker,77,82,97,74,94,98,87,86,81,91,86,95,85,75,90,75,79,,90,,84,85,88,85,97,78,79,85,98,76,97,92,85,85,85,81,77,78,79,85,94,81,80,94,85.5
1116,Skylar Wright,BUZZ-ELA-8,SEC-01,Mr. Anderson,85,96,90,75,80,90,96,93,90,74,96,92,,95,81,82,75,,94,86,76,88,73,95,91,84,76,76,92,85,85,76,,78,91,77,84,91,79,,85,78,91,,85.2
1117,Paisley Roberts,BUZZ-MATH-8,SEC-02,Mr. Edwards,88,85,90,78,88,89,80,85,82,76,85,90,72,73,85,90,90,88,80,82,79,76,73,75,85,76,71,89,76,86,78,74,73,73,77,70,,70,87,82,87,70,80,69,80.3
1118,Aurora Nelson,BUZZ-MATH-7,SEC-02,Mr. Chen,100,99,90,88,84,,92,93,84,99,79,96,96,86,92,99,88,98,91,80,,97,92,100,83,98,83,86,90,93,97,80,95,,82,87,100,86,80,79,98,84,,84,90.2
1119,Sebastian Ramirez,BUZZ-SCI-7,SEC-01,Ms. Davis,75,71,76,,89,82,83,92,70,86,75,87,81,73,77,82,69,,80,72,88,73,73,84,85,80,89,,84,76,75,73,69,76,76,85,85,,90,70,78,76,,75,79.0
1120,Bella Campbell,BUZZ-MATH-8,SEC-02,Ms. Baker,69,76,59,65,55,54,55,57,77,77,75,71,54,67,57,77,60,55,59,68,78,67,78,55,62,,71,74,55,70,66,69,78,73,70,71,61,73,54,71,74,74,66,56,66.3
1121,Alexander Lopez,BUZZ-ELA-7,SEC-01,Mr. Anderson,44,49,43,43,46,52,62,40,51,47,41,46,42,40,54,51,57,41,57,49,57,62,51,52,47,45,46,58,44,46,59,48,,50,45,56,45,56,43,62,52,51,48,55,49.6
1122,Sophia Singh,BUZZ-SCI-7,SEC-03,Mr. Edwards,57,55,58,,69,70,73,52,60,73,64,56,59,65,54,72,66,50,71,49,51,63,,65,55,68,71,50,62,56,,73,58,70,62,67,49,55,53,52,58,69,52,70,61.0
1123,Josiah Perez,BUZZ-SCI-7,SEC-03,Mr. Chen,42,62,61,,40,52,45,40,55,59,61,42,42,46,63,59,63,51,,45,,40,,48,47,60,43,50,44,43,50,47,63,42,46,51,43,52,58,43,60,53,42,,50.1
1124,Ryan Torres,BUZZ-MATH-8,SEC-01,Ms. Davis,59,63,54,68,63,70,53,51,59,56,48,53,51,60,62,54,59,48,51,69,65,62,62,56,,49,63,63,70,66,67,62,67,53,52,60,67,57,57,59,55,48,66,65,59.1
1125,Bella Patel,BUZZ-MATH-8,SEC-02,Ms. Davis,79,69,68,84,67,68,68,83,90,73,91,88,87,78,70,86,82,86,68,78,75,71,84,75,75,85,80,79,78,77,69,73,80,74,78,88,87,68,90,78,80,89,78,81,78.5
1126,Mia Miller,BUZZ-ELA-8,SEC-03,Ms. Davis,50,60,57,57,53,58,48,68,72,63,49,61,70,71,61,48,59,52,53,65,69,52,70,66,56,51,50,48,48,48,71,55,56,65,60,59,,62,69,58,56,70,51,50,58.5
1127,Asher Hall,BUZZ-MATH-7,SEC-02,Ms. Davis,90,94,87,100,98,96,81,96,78,95,90,98,89,,96,97,85,97,,99,100,86,88,92,79,87,95,90,92,93,87,98,,78,87,82,100,84,99,100,81,87,80,85,90.6
1128,Daniel Jones,BUZZ-ELA-8,SEC-03,Mr. Chen,83,79,73,92,88,79,83,,83,75,84,88,83,78,86,95,74,73,81,92,80,83,79,77,89,78,73,94,79,85,82,74,74,78,73,93,91,,82,79,75,87,,76,81.7
1129,David Thomas,BUZZ-ELA-8,SEC-03,Mr. Anderson,88,100,91,87,100,100,99,100,85,88,100,97,100,100,88,88,,,93,86,97,96,100,100,93,86,96,94,98,96,91,97,95,100,99,91,86,88,92,99,93,100,100,90,94.5
1130,Dylan Taylor,BUZZ-SCI-7,SEC-01,Mr. Edwards,72,59,57,51,75,56,52,,75,72,67,53,57,51,69,57,62,66,69,62,64,75,55,64,60,62,58,63,57,55,61,64,60,65,60,58,68,,61,52,63,73,68,69,62.3
1131,Mateo Wilson,BUZZ-ELA-7,SEC-03,Ms. Davis,70,69,73,74,59,68,76,58,61,54,66,73,76,67,57,55,59,63,,57,61,68,,,69,57,60,63,57,63,74,63,68,61,54,65,54,,59,53,56,63,56,64,63.1
1132,Anthony Harris,BUZZ-ELA-7,SEC-03,Mr. Chen,86,100,93,83,88,84,100,82,96,88,86,100,,100,,90,89,96,86,97,98,95,85,100,85,97,94,92,92,85,96,,82,87,98,97,91,91,100,82,87,95,87,100,91.7
1133,Camila Kumar,BUZZ-ELA-7,SEC-03,Mr. Chen,52,,58,55,50,65,63,48,49,67,70,55,52,48,65,49,50,65,64,48,56,66,64,69,50,57,70,62,,55,58,47,58,51,53,52,53,56,69,60,65,,49,48,57.1
1134,Daniel Perez,BUZZ-ELA-7,SEC-01,Mr. Edwards,89,93,91,90,100,99,100,83,100,97,100,96,95,95,100,92,93,85,87,,86,83,100,87,100,100,100,100,94,89,91,100,100,100,90,100,94,90,95,100,100,89,95,96,94.5
1135,James Roberts,BUZZ-SCI-7,SEC-03,Mr. Chen,42,60,41,49,64,,58,65,63,45,60,48,52,52,57,,65,61,42,62,53,60,56,55,60,45,61,53,53,45,63,44,46,63,56,46,44,51,46,55,53,54,62,,53.9
1136,Thomas Kim,BUZZ-MATH-8,SEC-01,Ms. Baker,64,74,62,67,73,67,78,78,59,81,72,72,78,78,67,68,74,59,75,73,61,79,79,76,81,80,81,65,78,68,81,83,78,70,72,71,71,62,73,79,65,64,81,76,72.6
1137,Jackson Wright,BUZZ-SCI-7,SEC-03,Ms. Baker,81,91,97,100,83,100,84,96,,89,84,96,100,96,,87,81,90,100,96,92,95,84,84,100,92,81,88,97,84,83,98,93,,88,97,96,86,85,100,93,91,99,83,91.2
1138,Lincoln Garcia,BUZZ-MATH-8,SEC-02,Mr. Anderson,62,77,74,79,,78,73,61,79,69,58,66,65,79,77,62,70,64,73,59,66,62,62,71,78,66,66,64,73,55,64,61,56,70,,58,,73,67,62,73,61,59,68,67.3
1139,Liam Campbell,BUZZ-ELA-7,SEC-02,Ms. Davis,81,73,63,70,76,77,67,63,77,76,71,62,78,82,77,73,71,80,,86,62,,63,65,71,77,,86,85,85,80,83,72,68,65,65,77,76,69,78,80,72,73,79,74.0
1140,Riley Thomas,BUZZ-ELA-7,SEC-03,Ms. Baker,78,89,73,93,78,89,94,95,73,71,87,79,87,87,73,93,85,87,,87,90,86,72,76,75,81,81,76,72,93,75,75,74,83,95,94,,87,86,86,81,81,83,82,82.9
1141,John Young,BUZZ-ELA-8,SEC-02,Mr. Edwards,99,86,100,86,100,91,100,89,99,99,100,99,88,85,100,96,86,94,100,85,100,100,88,93,83,97,93,84,86,99,99,97,82,97,94,82,86,100,87,,89,87,96,100,93.0
1142,Joseph Taylor,BUZZ-MATH-7,SEC-01,Mr. Chen,79,69,77,85,85,72,85,71,67,89,74,86,66,73,,90,77,77,70,89,90,77,90,,83,71,86,88,68,83,87,90,69,77,84,90,79,88,86,69,71,,76,86,79.7
1143,Asher Rivera,BUZZ-MATH-8,SEC-01,Mr. Edwards,73,89,72,78,74,79,93,93,77,94,78,81,96,82,86,92,94,76,95,96,81,85,76,80,,84,77,89,95,91,79,78,72,76,76,,85,89,78,85,86,88,81,81,83.6
1144,Bella Jackson,BUZZ-ELA-8,SEC-03,Mr. Anderson,82,84,76,82,90,74,87,89,95,80,91,75,79,95,76,76,,74,77,92,86,80,89,76,73,92,,96,88,80,75,85,96,91,94,79,94,92,76,76,77,85,82,74,83.6
1145,Josiah Thomas,BUZZ-ELA-8,SEC-02,Mr. Anderson,51,66,52,61,75,67,,60,64,66,57,66,64,61,75,66,57,68,66,62,63,65,61,59,69,63,67,73,55,66,52,62,52,52,,65,51,71,53,60,71,64,,56,62.3
1146,William Patel,BUZZ-SCI-7,SEC-02,Ms. Davis,80,83,83,80,79,93,89,,74,88,90,76,,79,95,91,75,84,92,95,76,71,80,81,89,87,85,79,74,,87,76,84,79,79,95,91,77,95,74,87,92,87,88,83.9
1147,Jaxon Wilson,BUZZ-ELA-8,SEC-02,Mr. Anderson,81,79,77,76,65,60,76,83,70,75,80,70,81,,66,73,,61,83,62,71,70,,70,69,75,75,60,61,72,63,73,63,62,77,71,62,62,77,83,67,76,68,78,71.3
1148,Jacob Johnson,BUZZ-ELA-8,SEC-02,Mr. Chen,53,63,52,44,64,52,60,44,60,47,53,48,60,63,57,60,62,44,63,58,42,44,41,46,53,55,46,54,62,59,43,61,60,47,49,,54,61,55,60,51,42,54,42,53.2
1149,Camila Gonzalez,BUZZ-MATH-8,SEC-01,Ms. Baker,,62,82,75,76,,67,82,62,77,66,75,72,67,64,70,64,74,64,82,79,75,75,67,73,67,78,74,76,72,74,69,65,71,74,72,67,60,70,76,75,67,77,77,71.7
1150,Sofia Adams,BUZZ-MATH-7,SEC-02,Mr. Anderson,95,96,81,82,88,100,91,86,95,82,82,99,89,100,100,96,86,99,98,88,95,98,84,100,100,94,100,99,92,91,81,93,100,,89,100,86,81,91,96,98,82,88,92,92.2
1151,Anthony Campbell,BUZZ-SCI-7,SEC-01,Mr. Chen,74,67,78,66,63,,70,56,75,,77,79,57,64,62,63,,76,,77,79,75,68,75,80,72,72,72,67,,73,61,56,80,57,77,59,80,65,73,74,64,66,70,69.7
1152,Camila King,BUZZ-MATH-8,SEC-02,Ms. Davis,60,62,68,55,68,55,51,60,55,64,51,55,68,64,69,52,67,53,,50,56,52,71,54,67,69,62,64,50,68,68,52,71,69,52,62,70,59,56,70,59,52,54,60,60.3
1153,Thomas Rivera,BUZZ-ELA-7,SEC-03,Ms. Davis,82,82,94,72,75,71,84,83,,90,77,85,,78,93,79,87,83,88,88,76,93,95,83,91,80,76,88,95,71,93,89,83,87,91,90,73,91,84,75,85,82,74,88,83.9
1154,Anthony Chen,BUZZ-MATH-7,SEC-03,Mr. Chen,75,78,72,68,78,78,75,64,68,,71,60,66,64,75,,78,67,59,65,60,76,63,65,63,74,57,76,58,65,71,65,77,59,57,74,,75,67,70,74,64,61,58,68.0
1155,Olivia Flores,BUZZ-ELA-7,SEC-03,Mr. Edwards,91,74,69,87,71,84,92,81,88,72,74,86,71,86,76,71,87,77,82,87,85,69,69,75,76,71,90,78,92,88,92,84,76,83,87,78,91,74,91,85,76,71,71,84,80.5
1156,Noah Wright,BUZZ-ELA-7,SEC-02,Mr. Anderson,79,64,82,76,74,76,70,80,82,85,61,80,85,85,64,68,80,70,82,65,66,,67,62,66,77,62,68,66,63,63,71,74,65,80,65,85,79,71,71,74,81,64,72,72.6
1157,Olivia Hill,BUZZ-MATH-8,SEC-02,Mr. Chen,74,,86,87,84,86,80,84,72,91,79,80,89,83,70,85,69,85,73,72,81,,69,83,90,68,69,92,91,72,74,81,91,77,89,86,84,77,71,68,,83,79,85,80.2
1158,Alexander Martinez,BUZZ-ELA-8,SEC-02,Mr. Chen,61,67,65,71,60,66,64,71,71,55,62,66,71,48,48,61,59,52,54,66,72,72,59,72,62,65,60,50,49,56,58,64,66,68,57,70,71,,70,60,68,65,58,63,62.6
1159,Zoey Chen,BUZZ-MATH-7,SEC-03,Mr. Anderson,83,85,80,81,88,77,82,89,71,79,77,79,71,67,72,79,75,85,89,84,67,91,74,75,69,83,90,,90,87,87,,81,69,84,76,76,69,77,82,76,83,87,80,79.7
1160,Isabella Lewis,BUZZ-MATH-7,SEC-01,Ms. Davis,97,76,81,93,96,82,,78,99,94,94,84,97,88,94,76,96,76,99,98,79,93,92,78,95,83,85,81,78,82,79,87,99,97,84,83,86,84,96,89,79,96,85,79,87.6
1161,Anthony Kim,BUZZ-ELA-7,SEC-02,Ms. Baker,66,69,75,88,69,70,,71,76,84,,,85,65,76,84,,89,,,69,73,84,83,76,72,88,78,72,82,67,83,65,73,70,82,75,84,87,82,82,85,78,75,77.2
1162,Jack Walker,BUZZ-ELA-7,SEC-01,Mr. Anderson,67,70,59,60,63,62,65,,70,,71,51,58,58,67,50,74,55,56,59,64,58,55,52,60,55,53,54,,64,58,71,70,74,51,64,72,72,55,68,63,57,55,56,61.4
1163,Nora Hernandez,BUZZ-ELA-8,SEC-03,Mr. Chen,75,94,88,93,87,74,76,80,86,95,75,81,77,95,81,81,90,95,88,80,95,92,79,86,89,73,86,95,74,75,95,97,94,78,73,94,76,92,89,85,84,78,,87,85.0
1164,Anthony Hill,BUZZ-MATH-7,SEC-03,Mr. Anderson,71,73,60,58,64,66,68,71,66,,73,68,62,65,67,54,72,,69,74,67,68,57,70,52,62,71,58,57,71,59,55,,54,55,67,69,64,68,56,65,55,57,70,64.1
1165,Paisley Baker,BUZZ-SCI-7,SEC-01,Mr. Chen,58,40,64,41,45,52,52,55,61,63,46,50,51,41,59,49,48,,57,43,43,45,58,42,,59,40,64,60,58,56,52,44,57,41,61,50,54,52,50,46,,47,51,51.3
1166,Ella Garcia,BUZZ-MATH-7,SEC-01,Ms. Davis,66,79,83,68,80,75,61,81,82,,78,77,65,61,73,80,81,79,78,83,62,81,63,76,83,74,67,81,65,83,74,75,73,62,61,67,82,75,79,78,62,76,71,71,73.7
1167,Henry Young,BUZZ-ELA-7,SEC-02,Ms. Baker,68,71,,82,80,74,76,71,70,78,73,89,71,69,70,90,83,80,67,90,86,72,76,73,67,78,68,74,73,,77,88,82,85,86,76,,71,72,89,86,82,80,70,77.1
1168,Bella Harris,BUZZ-ELA-7,SEC-02,Ms. Davis,93,84,99,92,87,89,88,,94,89,99,100,90,100,99,91,91,87,94,84,96,94,100,99,92,84,81,100,97,85,97,99,94,100,82,98,100,90,,90,93,88,92,96,92.8
1169,Sophia Martinez,BUZZ-MATH-7,SEC-01,Ms. Davis,66,53,55,69,74,68,55,60,74,55,57,74,58,58,54,57,54,60,65,,76,53,73,53,65,77,75,58,74,77,75,65,,65,63,69,61,64,53,76,72,75,75,73,65.1
1170,James Hill,BUZZ-SCI-7,SEC-03,Ms. Baker,71,65,61,50,51,68,67,65,67,65,54,68,65,54,60,59,65,54,64,65,66,57,67,64,67,71,66,67,50,58,50,71,57,63,67,64,60,49,70,61,50,68,69,55,61.9
1171,Sebastian Roberts,BUZZ-MATH-7,SEC-03,Mr. Edwards,55,,,55,62,51,53,48,43,60,47,57,44,63,56,49,57,47,58,54,48,64,62,46,54,50,63,40,61,42,50,62,59,42,48,54,42,62,47,54,52,45,52,44,52.4
1172,Olivia Martinez,BUZZ-ELA-7,SEC-03,Ms. Baker,81,81,74,80,94,92,72,75,87,91,77,85,88,84,85,92,82,85,75,89,80,71,73,79,94,85,72,84,78,76,90,76,72,91,,74,89,85,89,87,72,76,72,80,81.7
1173,Jaxon Lewis,BUZZ-MATH-8,SEC-03,Ms. Baker,56,64,67,58,46,,61,46,45,52,56,54,66,68,50,67,52,56,53,,63,50,46,67,61,69,60,46,60,51,57,61,49,68,45,45,45,57,65,48,54,67,49,57,56.1
1174,Jack Nelson,BUZZ-MATH-7,SEC-01,Mr. Edwards,68,65,77,88,85,76,81,86,68,79,86,88,83,79,84,86,74,,74,65,,78,77,77,82,83,88,85,86,87,83,74,81,79,86,86,68,68,84,85,84,76,78,78,79.6
1175,Mia Hall,BUZZ-MATH-7,SEC-02,Mr. Chen,76,,71,63,79,63,69,68,76,60,74,76,69,78,57,67,70,77,59,78,59,61,66,73,71,63,66,67,78,68,73,61,77,,68,65,76,69,73,62,73,65,68,74,69.2
1176,Michael Singh,BUZZ-SCI-7,SEC-02,Ms. Baker,52,41,47,,58,47,44,41,56,61,57,62,43,46,59,46,47,44,42,44,45,40,62,52,44,48,49,44,59,55,54,60,50,59,42,56,55,48,63,55,60,,44,53,50.8
1177,Avery Anderson,BUZZ-SCI-7,SEC-02,Mr. Edwards,85,95,99,93,100,92,88,100,87,89,96,100,88,100,95,92,89,88,99,,100,92,86,90,100,100,97,100,83,84,98,90,100,100,90,85,98,97,89,94,92,100,96,90,93.6
1178,Josiah Nguyen,BUZZ-ELA-7,SEC-01,Ms. Davis,85,84,,90,99,89,95,86,95,100,95,,79,98,88,100,82,79,89,95,79,93,100,90,99,81,100,91,92,83,90,93,87,91,80,89,,81,92,98,92,91,92,91,90.3
1179,Henry Roberts,BUZZ-MATH-8,SEC-01,Ms. Baker,100,100,86,100,100,100,96,100,100,100,94,91,97,100,91,84,100,89,85,100,89,,97,83,92,86,91,93,91,88,100,89,100,89,90,84,100,85,83,87,100,91,100,89,93.3
1180,Mateo Jones,BUZZ-MATH-7,SEC-03,Mr. Anderson,80,85,79,80,76,88,100,97,76,93,85,77,83,100,98,80,85,,95,96,,89,99,87,99,79,82,86,,91,93,96,84,79,100,94,81,97,88,78,,83,90,90,88.0
1181,Layla Thompson,BUZZ-MATH-8,SEC-03,Ms. Davis,39,52,58,58,50,55,54,53,51,62,57,39,54,50,48,41,45,58,40,56,61,39,60,56,38,48,62,40,43,46,61,49,53,49,41,39,46,49,49,49,53,40,53,44,49.7
1182,Alexander Robinson,BUZZ-MATH-8,SEC-01,Mr. Chen,59,61,63,74,60,54,54,63,61,66,62,75,67,62,75,64,69,72,51,52,73,60,65,56,55,73,63,58,68,75,67,64,65,57,73,69,73,57,72,72,65,59,67,61,64.3
1183,Thomas Lewis,BUZZ-MATH-8,SEC-03,Mr. Anderson,57,54,49,54,48,58,60,65,48,68,68,62,46,61,46,70,69,52,46,53,69,59,,52,61,47,,63,64,54,61,66,51,59,59,52,54,61,58,69,60,52,56,51,57.4
1184,Charlotte Thomas,BUZZ-ELA-8,SEC-02,Ms. Davis,94,75,88,79,80,94,,93,96,,,83,85,74,84,91,85,81,79,93,84,78,93,,89,88,78,94,74,77,96,78,91,98,77,87,76,83,90,82,82,,84,80,84.9
1185,Lily Singh,BUZZ-MATH-8,SEC-03,Mr. Chen,53,58,57,,66,56,47,42,43,56,59,47,48,45,66,57,55,57,56,57,53,61,,60,49,47,42,48,54,52,48,46,46,54,,45,55,43,55,,48,46,63,64,52.6
1186,Anthony Johnson,BUZZ-MATH-8,SEC-02,Ms. Davis,91,98,97,100,,88,96,,93,100,100,85,96,100,,100,,97,97,89,95,99,100,97,86,100,81,93,100,81,100,100,93,92,92,90,84,82,96,100,90,92,97,94,94.0
1187,Stella Brown,BUZZ-MATH-7,SEC-03,Mr. Anderson,52,44,47,56,67,60,43,46,57,54,50,63,64,59,46,58,44,57,61,65,57,64,47,52,55,58,43,66,44,46,60,62,,44,67,47,54,65,44,56,58,64,58,54,54.8
1188,Aria Wilson,BUZZ-ELA-8,SEC-01,Mr. Anderson,87,74,66,71,74,64,83,66,77,81,64,76,81,84,70,77,66,77,,73,81,85,72,78,68,68,73,79,66,66,,65,72,75,72,73,79,84,83,67,,66,68,68,73.6
1189,Ella Young,BUZZ-ELA-7,SEC-01,Mr. Edwards,71,91,92,75,81,93,73,79,94,75,78,83,76,78,76,71,92,91,85,94,85,90,82,77,,86,81,73,78,83,,75,78,94,82,94,84,90,76,89,80,85,93,84,83.0
1190,Josiah Carter,BUZZ-ELA-8,SEC-01,Mr. Edwards,72,77,76,83,73,80,74,66,84,65,,81,74,84,66,81,,,72,70,74,76,82,70,63,,77,79,87,86,78,,65,85,70,84,87,86,70,84,69,78,80,80,76.6
1191,Sebastian Scott,BUZZ-SCI-7,SEC-03,Ms. Baker,86,100,93,98,93,83,83,,83,94,81,95,100,88,96,100,99,92,81,88,83,94,96,97,100,100,100,86,94,87,100,84,93,,100,90,100,87,97,89,83,83,100,89,92.0
1192,Victoria Campbell,BUZZ-ELA-7,SEC-03,Ms. Baker,63,77,62,,73,61,65,,65,,64,75,67,59,75,,63,58,74,74,75,59,,76,63,65,68,58,67,75,71,,70,71,,73,62,69,64,,75,65,59,61,67.2
1193,Joseph Hill,BUZZ-ELA-7,SEC-02,Mr. Chen,50,51,55,67,51,52,64,65,65,66,47,54,51,64,53,52,60,61,44,47,62,45,50,50,61,67,62,67,43,52,52,,44,60,53,51,60,46,67,47,57,57,48,53,55.2
1194,Andrew Kumar,BUZZ-SCI-7,SEC-03,Ms. Baker,91,86,81,88,94,79,83,92,78,78,80,82,78,100,100,86,88,94,87,84,87,,87,89,81,96,95,95,,79,91,85,91,100,85,96,94,94,84,78,89,86,90,99,88.1
1195,Penelope Jones,BUZZ-ELA-7,SEC-01,Ms. Davis,85,88,75,81,79,92,76,92,79,74,87,73,72,87,94,84,89,86,75,86,84,71,94,77,73,91,93,87,84,94,71,80,81,90,78,86,93,75,74,71,91,78,88,80,82.7
1196,Noah Garcia,BUZZ-ELA-8,SEC-03,Mr. Chen,77,71,87,83,73,87,84,80,93,74,87,73,78,,83,70,86,80,71,87,77,82,83,93,71,80,77,83,92,92,70,79,91,,71,78,73,84,91,85,87,74,84,86,81.1
1197,Elizabeth Martinez,BUZZ-MATH-7,SEC-01,Mr. Chen,74,77,70,,75,82,,63,78,79,75,73,63,68,60,77,69,73,74,,79,60,62,79,79,81,82,82,80,62,66,59,79,80,75,,79,69,82,79,76,67,70,64,73.0
1198,Asher Thompson,BUZZ-ELA-8,SEC-01,Mr. Anderson,81,71,68,75,75,83,64,,64,79,71,76,87,,77,66,77,69,81,86,76,69,88,76,76,74,,86,71,70,76,87,64,68,81,65,73,72,69,86,82,73,71,68,74.9
1199,Ethan Torres,BUZZ-MATH-7,SEC-03,Mr. Chen,61,70,73,78,55,62,55,64,58,76,73,73,54,62,78,76,74,63,74,58,71,,63,67,70,63,58,56,71,65,63,66,70,65,59,74,72,72,60,,68,69,69,63,66.5
1200,Hannah Brown,BUZZ-ELA-7,SEC-01,Mr. Edwards,69,60,76,67,68,78,64,76,78,64,68,56,71,66,57,58,60,68,60,57,58,67,70,77,62,60,66,72,62,59,59,66,67,68,79,70,63,71,60,61,62,58,,65,65.7
1201,Emma Ramirez,BUZZ-MATH-7,SEC-03,Mr. Anderson,74,81,92,88,85,73,78,87,90,79,97,90,88,84,97,90,76,88,91,89,91,95,92,,86,74,94,73,,94,,84,93,92,92,90,91,90,96,75,94,77,94,77,86.9
1202,Hannah Young,BUZZ-ELA-7,SEC-02,Mr. Anderson,64,56,64,54,60,62,53,59,63,52,73,61,64,54,60,53,51,51,57,64,73,53,55,63,56,61,68,66,60,56,75,71,61,,,74,69,74,60,61,69,56,64,68,61.6
1203,Josiah Harris,BUZZ-MATH-8,SEC-02,Mr. Chen,48,,66,49,43,66,48,64,,65,46,52,58,58,53,47,60,,51,62,54,44,59,42,53,44,52,65,52,57,52,,58,50,51,46,42,62,65,52,,56,45,57,53.7
1204,Abigail Thompson,BUZZ-MATH-8,SEC-02,Mr. Chen,50,56,49,47,47,43,67,62,58,61,59,52,55,43,66,67,65,59,48,64,54,55,55,56,60,45,,56,46,43,65,67,54,50,51,50,65,43,54,44,50,46,,50,54.2
1205,Gabriel King,BUZZ-ELA-8,SEC-02,Ms. Davis,83,92,85,92,85,96,100,83,83,91,92,82,82,,,96,99,84,100,81,89,95,95,93,88,99,100,88,90,93,81,89,83,84,85,96,100,100,95,82,96,93,83,89,90.3
1206,Aiden Martin,BUZZ-SCI-7,SEC-02,Mr. Chen,53,44,41,45,43,,47,63,54,64,56,49,51,44,43,,50,51,59,52,,58,62,47,52,64,51,61,51,,55,51,42,42,60,46,52,,62,61,,47,58,,52.2
1207,Skylar Lewis,BUZZ-MATH-7,SEC-03,Ms. Baker,45,52,54,46,58,61,54,,47,62,59,48,65,59,45,47,68,65,52,55,67,58,51,51,59,55,57,62,,65,56,50,47,54,50,45,58,59,62,,55,55,54,52,55.2
1208,Thomas Moore,BUZZ-MATH-8,SEC-01,Ms. Baker,85,73,66,,84,84,69,74,74,85,72,65,75,79,,,61,,78,72,75,79,83,77,66,68,66,65,72,,82,61,77,62,,83,,73,62,81,79,75,78,72,73.8
1209,Evelyn Clark,BUZZ-MATH-7,SEC-02,Ms. Baker,62,61,80,74,62,80,,60,80,81,75,59,81,74,65,79,61,64,81,64,69,66,,62,76,68,74,82,71,79,70,79,65,62,79,77,70,75,82,79,68,,61,72,71.4
1210,Benjamin Lee,BUZZ-ELA-8,SEC-02,Mr. Chen,83,96,,75,86,88,86,89,90,78,91,81,95,85,80,91,90,95,79,98,87,74,85,96,93,88,76,88,93,84,80,75,98,74,98,90,92,93,94,77,96,82,91,88,87.2
1211,Skylar Rodriguez,BUZZ-ELA-7,SEC-01,Ms. Davis,78,61,74,84,61,62,68,77,,83,73,83,,65,70,63,62,,75,81,69,,74,84,69,84,75,71,,82,73,60,,78,74,70,80,77,81,82,74,80,67,69,73.5
1212,Anthony Shah,BUZZ-SCI-7,SEC-03,Mr. Edwards,56,54,69,49,64,65,69,68,,62,63,50,65,51,56,49,72,62,71,61,70,62,52,67,56,57,65,54,55,67,51,60,68,72,52,70,55,,52,71,66,66,51,71,61.1
1213,Michael Jackson,BUZZ-SCI-7,SEC-02,Ms. Davis,80,79,83,96,83,76,73,87,78,96,89,78,77,92,73,81,85,74,92,94,72,82,85,73,87,80,74,94,83,89,84,74,96,85,96,,75,78,80,90,90,84,77,82,83.2
1214,Zoey Davis,BUZZ-SCI-7,SEC-01,Mr. Anderson,73,71,59,69,68,71,61,58,60,73,80,78,59,62,78,67,80,66,60,59,68,75,57,63,58,57,56,70,79,77,62,77,73,65,68,69,68,56,71,68,78,78,67,71,67.8
1215,Elizabeth Davis,BUZZ-ELA-7,SEC-03,Mr. Edwards,74,85,75,82,93,,82,84,77,81,82,79,77,84,80,80,97,89,77,78,93,98,88,80,74,80,,82,79,83,82,92,91,84,74,74,92,86,94,76,91,88,90,92,83.8
1216,Grace Nelson,BUZZ-SCI-7,SEC-03,Mr. Edwards,96,100,85,100,100,89,100,93,91,100,100,,100,100,86,84,100,97,99,91,100,92,90,100,100,91,88,92,87,97,91,100,100,93,95,88,97,95,100,100,99,99,100,98,95.4
1217,Leo Rivera,BUZZ-ELA-8,SEC-02,Mr. Anderson,68,70,89,72,73,85,76,68,76,73,78,75,70,85,71,74,67,70,75,87,87,78,68,81,,79,84,70,79,89,74,79,84,67,84,84,74,83,66,,75,,84,76,76.8
1218,Paisley Nelson,BUZZ-SCI-7,SEC-01,Ms. Davis,95,83,94,96,97,79,91,,83,79,85,95,80,83,,100,94,83,90,99,79,94,93,89,100,84,97,93,100,81,,100,100,,100,92,80,85,82,96,86,100,89,98,90.6
1219,David Walker,BUZZ-SCI-7,SEC-02,Ms. Davis,87,,87,78,77,85,87,69,76,,86,73,86,79,78,66,78,84,86,70,71,71,82,70,68,65,89,69,89,82,,74,78,,69,79,65,81,81,73,74,69,83,82,77.4
1220,Michael Hall,BUZZ-ELA-8,SEC-03,Mr. Chen,51,55,60,,56,45,53,68,55,56,59,63,56,60,64,61,60,52,66,68,53,65,49,47,,49,69,64,69,69,54,56,59,64,52,54,52,57,48,49,52,47,67,51,57.2
1221,Emma Nguyen,BUZZ-MATH-8,SEC-01,Mr. Anderson,75,91,88,86,91,76,,92,89,84,78,,72,80,70,69,84,69,73,93,72,84,93,75,88,86,85,80,73,89,72,72,93,85,91,92,81,72,92,74,84,78,79,84,81.8
1222,James Adams,BUZZ-MATH-7,SEC-03,Mr. Edwards,72,88,87,,64,81,86,86,85,67,81,88,71,70,77,69,66,70,86,80,72,,68,78,71,76,88,81,64,79,69,76,79,86,70,85,78,71,78,77,,,73,86,77.0
1223,Layla Hall,BUZZ-ELA-7,SEC-02,Mr. Anderson,50,47,49,43,48,56,57,60,56,52,62,47,,49,46,51,44,,50,61,62,55,42,59,60,44,,50,48,41,41,58,61,55,50,56,63,42,57,52,59,50,43,61,52.1
1224,Sophia Rodriguez,BUZZ-SCI-7,SEC-03,Mr. Anderson,47,51,45,51,62,38,45,38,61,50,58,,51,48,61,39,40,53,61,61,55,46,53,52,40,42,62,47,57,40,45,59,55,51,53,38,46,44,44,59,,,49,46,49.8
1225,Logan Jones,BUZZ-ELA-8,SEC-01,Ms. Davis,75,64,65,62,71,64,58,54,,66,55,69,70,60,61,70,65,66,71,68,56,56,,,61,55,73,74,66,67,76,69,54,76,73,56,69,64,72,72,68,58,65,69,65.4
1226,Nora Taylor,BUZZ-ELA-8,SEC-02,Mr. Chen,87,80,72,93,94,90,83,75,76,80,91,75,71,75,85,90,93,89,77,91,72,77,77,88,71,93,78,94,74,88,95,,84,79,71,93,93,79,95,76,87,90,77,76,83.1
1227,Joseph Martin,BUZZ-ELA-8,SEC-01,Ms. Davis,63,76,79,,66,72,78,75,72,64,69,72,82,79,59,78,61,82,72,79,72,72,65,77,66,79,73,71,67,69,80,76,71,67,59,76,74,66,68,60,73,74,67,70,71.4
1228,Camila Thompson,BUZZ-ELA-7,SEC-02,Ms. Davis,64,,50,,61,46,44,54,62,59,61,65,66,51,61,64,44,59,57,,60,43,52,42,66,58,61,65,64,57,57,58,64,51,65,60,51,46,54,45,55,58,59,44,56.2
1229,Chloe Lee,BUZZ-MATH-7,SEC-01,Mr. Anderson,46,55,,67,56,49,60,60,50,57,62,57,58,69,62,60,66,65,47,54,49,46,56,47,47,57,65,66,65,69,68,65,46,64,68,66,51,56,52,50,61,55,55,63,57.8
1230,Nora Campbell,BUZZ-SCI-7,SEC-03,Mr. Edwards,64,77,72,83,68,79,69,71,59,62,71,74,59,67,61,80,79,82,71,62,63,69,,80,76,77,,,72,62,61,,67,73,70,80,65,70,78,77,63,71,75,67,70.7
1231,Leo Martinez,BUZZ-ELA-8,SEC-01,Mr. Edwards,75,85,91,85,92,84,93,79,72,92,81,89,87,75,,82,90,80,74,82,79,86,83,96,77,88,96,78,82,80,76,96,86,95,88,90,80,92,78,78,93,77,84,85,84.4
1232,Liam Green,BUZZ-MATH-7,SEC-03,Ms. Davis,92,,95,84,88,96,90,97,94,86,89,87,88,100,81,100,83,91,98,92,100,86,100,87,98,,89,94,98,93,100,88,98,100,92,95,90,87,,94,100,100,86,94,92.7
1233,Stella Patel,BUZZ-ELA-8,SEC-03,Ms. Baker,72,72,57,66,73,67,63,55,51,63,53,71,70,65,51,,63,59,49,69,68,57,51,51,69,60,68,62,,57,61,54,60,61,56,52,63,65,62,,68,61,59,58,61.3
1234,Joseph Ramirez,BUZZ-MATH-7,SEC-02,Ms. Davis,64,67,75,75,,62,55,62,55,57,61,62,70,69,73,62,67,54,57,77,75,58,,57,59,63,70,76,73,67,77,71,57,56,66,63,67,65,78,73,66,57,67,60,65.4
1235,Aria Miller,BUZZ-MATH-7,SEC-01,Mr. Chen,80,98,88,96,80,,82,90,91,78,81,94,77,94,96,97,89,96,81,96,86,83,76,98,83,93,84,85,83,83,95,84,82,,84,78,85,80,91,95,81,83,85,91,87.0
1236,Harper Carter,BUZZ-ELA-7,SEC-03,Ms. Davis,45,55,61,59,43,45,62,55,61,46,41,60,47,48,64,48,45,48,64,59,50,,41,45,43,43,63,62,60,53,,45,45,55,55,59,63,55,62,62,59,51,51,46,53.0
1237,Victoria Rodriguez,BUZZ-ELA-7,SEC-02,Mr. Edwards,,60,68,66,73,64,56,75,,68,68,60,60,56,69,62,63,62,70,60,62,53,63,54,59,72,76,53,53,75,61,57,76,53,58,66,,66,62,70,62,69,69,59,63.6
1238,Amelia Allen,BUZZ-MATH-7,SEC-02,Ms. Baker,55,42,61,53,39,59,59,57,54,58,59,63,62,55,47,62,47,62,,42,56,62,,60,63,39,51,50,44,53,60,62,50,41,47,45,39,46,53,51,57,53,58,41,52.8
1239,William Lee,BUZZ-MATH-8,SEC-01,Mr. Anderson,,58,46,53,45,46,49,55,56,46,51,58,67,47,53,,48,67,53,62,48,65,54,48,64,54,57,55,44,60,44,66,59,57,60,51,67,64,62,51,60,51,59,52,55.0
1240,Camila Green,BUZZ-ELA-8,SEC-01,Mr. Chen,78,80,60,81,75,75,81,62,74,65,72,61,78,78,74,63,78,63,67,80,62,64,74,57,79,,70,75,63,57,81,63,68,,57,,74,78,66,65,65,65,76,77,70.3
1241,Aiden Thomas,BUZZ-SCI-7,SEC-03,Mr. Anderson,62,74,61,57,77,56,65,63,59,71,74,62,,74,77,61,78,68,79,58,77,70,59,74,60,68,66,64,55,64,62,,65,58,70,65,61,68,58,70,65,62,77,63,66.1
1242,Jaxon Baker,BUZZ-ELA-7,SEC-01,Ms. Baker,,76,79,81,76,66,77,78,74,61,80,71,68,73,67,81,75,76,75,76,73,83,72,61,62,74,80,,59,63,60,68,59,66,62,66,67,81,81,77,62,70,70,73,71.4
1243,Joseph Walker,BUZZ-SCI-7,SEC-02,Mr. Chen,67,58,61,59,65,55,49,68,69,69,65,57,62,57,62,57,59,54,73,61,71,,67,53,51,,,63,54,51,,70,56,60,71,55,51,55,62,53,64,65,70,58,60.7
1244,Joseph Kim,BUZZ-SCI-7,SEC-02,Mr. Anderson,52,46,55,39,54,60,62,59,50,52,49,60,62,43,42,42,51,56,63,59,58,46,45,58,60,60,59,59,46,58,63,53,51,57,40,44,40,54,50,42,53,,43,54,52.3
1245,Skylar Sanchez,BUZZ-MATH-7,SEC-01,Ms. Baker,96,88,88,84,75,87,85,97,99,88,97,76,83,77,89,91,85,76,99,88,92,89,,83,85,81,78,94,94,84,97,94,79,79,86,99,99,75,94,92,84,77,87,94,87.5
1246,Liam Carter,BUZZ-ELA-7,SEC-01,Mr. Edwards,78,90,97,79,94,76,82,90,86,95,74,80,82,76,85,98,87,92,,97,80,96,96,76,94,74,84,98,92,76,94,97,96,88,,92,86,76,89,80,87,90,95,77,86.9
1247,Jaxon Rodriguez,BUZZ-MATH-8,SEC-01,Mr. Chen,98,94,97,86,98,85,82,93,80,91,95,81,88,89,,79,95,90,100,91,83,94,100,99,78,,84,83,90,81,100,82,94,92,83,92,83,81,86,79,99,93,,88,89.2
1248,Leo Chen,BUZZ-MATH-7,SEC-02,Mr. Anderson,64,58,56,77,59,78,65,69,76,70,64,,80,77,62,67,68,68,79,76,77,74,66,71,68,73,,77,,68,68,,77,,65,58,68,61,56,70,69,71,65,60,68.6
1249,Asher Moore,BUZZ-ELA-7,SEC-03,Mr. Anderson,51,40,44,57,54,40,43,53,40,60,55,47,38,51,60,54,62,45,58,47,61,61,48,56,59,47,43,47,40,55,53,51,44,59,53,39,51,46,56,54,53,57,55,53,50.9
1250,Alexander Carter,BUZZ-ELA-8,SEC-02,Mr. Anderson,62,72,62,75,78,61,66,70,84,67,64,67,83,79,67,75,68,65,80,85,82,85,84,85,61,80,85,65,82,65,75,78,73,61,62,64,67,78,82,83,70,82,81,77,73.6
1251,Joseph Patel,BUZZ-ELA-8,SEC-01,Ms. Davis,69,68,65,83,76,78,67,63,64,69,84,84,73,68,84,62,78,74,67,64,74,77,85,74,66,80,80,81,77,70,75,73,82,69,70,,82,61,69,72,65,71,,63,72.8
1252,Joseph Harris,BUZZ-ELA-7,SEC-03,Mr. Chen,53,53,56,,,48,64,62,59,53,58,50,,60,44,56,66,57,44,60,46,45,54,53,45,48,51,54,,54,44,62,55,52,48,64,61,54,61,52,47,44,46,62,53.6
1253,Leo Walker,BUZZ-MATH-7,SEC-01,Mr. Chen,42,43,49,63,57,45,50,51,57,55,53,48,64,45,54,53,51,59,49,63,65,43,46,57,47,46,45,43,57,54,50,64,55,42,51,57,52,60,50,60,49,58,52,63,52.7
1254,Amelia Rivera,BUZZ-ELA-8,SEC-03,Ms. Baker,80,74,89,77,83,96,85,96,89,95,93,92,81,80,93,73,96,,78,89,83,82,,81,75,80,,85,83,88,78,73,79,81,85,90,96,95,94,93,89,88,90,77,85.5
1255,Jack Campbell,BUZZ-MATH-8,SEC-03,Mr. Anderson,65,67,61,61,80,81,61,83,83,78,76,,64,61,84,76,,74,85,73,85,79,75,69,74,65,66,81,61,63,68,84,78,62,79,64,71,74,67,68,82,83,66,64,72.4
1256,Evelyn Jones,BUZZ-ELA-7,SEC-03,Mr. Edwards,71,76,71,68,74,74,71,85,72,64,65,75,86,74,85,78,80,66,81,68,85,84,74,66,69,87,65,64,79,85,84,63,,87,68,73,70,78,69,85,74,72,82,,74.9
1257,Elizabeth Patel,BUZZ-ELA-8,SEC-03,Mr. Chen,66,65,63,55,46,53,55,,55,61,60,47,56,55,46,66,63,61,50,47,51,53,49,59,52,52,54,46,66,44,46,44,,55,56,,49,43,65,65,60,47,59,45,54.4
1258,Noah Roberts,BUZZ-SCI-7,SEC-01,Mr. Chen,71,64,79,77,81,64,78,75,82,76,81,,67,68,67,,74,79,74,61,66,79,63,79,66,75,64,83,67,81,71,69,60,64,66,73,70,59,65,76,71,63,69,66,71.0
1259,Sophia Garcia,BUZZ-ELA-8,SEC-02,Mr. Chen,89,88,84,76,86,70,78,70,,81,,82,77,85,90,83,75,71,81,86,83,85,88,92,73,90,70,81,71,83,92,92,79,70,73,71,80,79,89,70,91,85,78,78,80.8
1260,Josiah Wilson,BUZZ-SCI-7,SEC-02,Mr. Anderson,73,58,54,74,64,58,68,,53,55,73,65,61,56,59,58,57,74,71,54,73,50,59,51,70,70,68,61,59,54,66,60,,58,58,62,70,64,58,58,54,,71,63,62.0
1261,Jack Ramirez,BUZZ-SCI-7,SEC-03,Mr. Anderson,76,63,,82,59,74,61,79,67,67,65,81,70,64,59,73,65,72,60,82,80,70,75,74,69,73,79,74,62,78,81,81,71,74,73,60,70,81,62,74,72,64,79,79,71.5
1262,Evelyn Gonzalez,BUZZ-ELA-8,SEC-01,Mr. Edwards,83,71,79,,89,75,87,92,89,80,84,77,70,75,77,74,71,93,71,80,80,70,87,83,75,75,,85,76,79,93,92,76,84,90,76,77,89,72,79,76,89,71,73,80.1
1263,Evelyn Hernandez,BUZZ-ELA-7,SEC-01,Ms. Davis,55,,44,68,61,67,66,52,66,60,66,60,57,57,56,55,59,57,58,52,59,62,,58,44,44,62,65,51,67,45,48,68,54,55,62,68,54,63,67,55,56,59,58,58.1
1264,Jackson Scott,BUZZ-SCI-7,SEC-01,Mr. Edwards,62,55,49,72,69,50,71,52,65,52,64,49,70,60,64,63,54,48,62,71,58,68,70,61,59,52,68,68,63,52,62,69,50,66,61,,72,51,57,66,59,,63,57,60.8
1265,Jack Brown,BUZZ-SCI-7,SEC-02,Mr. Anderson,67,72,82,73,67,86,86,80,87,68,69,78,88,64,86,73,74,75,,87,79,70,71,75,78,85,73,69,72,67,66,83,78,86,88,80,66,80,66,84,71,83,71,85,76.5
1266,James Miller,BUZZ-MATH-7,SEC-03,Mr. Chen,77,75,91,75,77,68,68,,79,67,68,83,80,82,70,82,87,91,82,83,68,78,67,88,87,80,89,70,67,84,74,76,77,85,87,71,74,82,71,81,83,80,74,,78.0
1267,Emily Lee,BUZZ-MATH-7,SEC-01,Mr. Chen,52,,58,62,67,49,66,54,,49,64,55,53,60,56,66,49,67,47,57,,53,58,58,61,58,61,46,61,50,52,47,66,,56,56,52,48,44,51,65,56,64,52,56.1
1268,Asher Carter,BUZZ-MATH-8,SEC-01,Mr. Edwards,67,74,72,67,68,81,68,63,67,66,77,85,84,70,69,75,,84,76,64,83,84,63,77,66,,81,74,71,,82,64,77,71,,78,87,78,85,79,75,69,78,65,74.1
1269,Alexander Kumar,BUZZ-ELA-7,SEC-03,Mr. Edwards,91,89,98,100,99,96,86,83,98,90,96,95,92,95,90,99,91,93,96,100,88,83,97,96,100,100,100,100,97,100,85,95,,85,88,85,91,100,96,97,95,90,88,87,93.5
1270,Evelyn Martin,BUZZ-MATH-8,SEC-02,Mr. Anderson,88,78,91,71,85,83,76,90,90,90,90,80,71,90,71,76,86,78,77,87,91,86,76,71,73,76,75,86,70,83,89,80,79,89,75,78,93,77,80,77,89,82,79,84,81.5
1271,Harper Rodriguez,BUZZ-ELA-7,SEC-03,Mr. Edwards,44,61,54,62,64,57,49,58,55,49,57,43,65,60,58,61,59,57,43,52,56,62,49,50,66,60,55,65,53,58,57,,51,49,46,45,45,44,62,46,51,64,61,51,54.7
1272,Harper Harris,BUZZ-ELA-7,SEC-03,Mr. Edwards,72,60,53,54,60,72,61,56,56,65,52,72,76,52,54,57,58,67,53,75,63,73,54,54,55,74,59,62,,,72,66,56,75,53,,69,62,76,52,69,65,70,,62.6
1273,Mia Allen,BUZZ-ELA-7,SEC-02,Mr. Edwards,92,75,87,90,98,,78,88,97,87,97,94,98,91,96,88,93,98,90,86,85,92,81,79,94,88,98,77,,82,,89,81,97,85,81,98,89,95,82,87,84,83,,88.8
1274,Camila Nguyen,BUZZ-MATH-7,SEC-03,Mr. Chen,70,63,73,62,75,67,78,,79,65,71,66,57,61,72,71,70,73,60,65,75,62,67,57,79,65,79,61,63,56,64,77,65,76,55,56,79,66,61,78,64,64,74,57,67.4
1275,Natalie Davis,BUZZ-MATH-7,SEC-01,Mr. Anderson,65,73,80,78,72,57,65,68,61,66,75,69,69,75,68,77,76,61,81,57,67,80,67,,,63,78,77,74,58,66,59,72,64,72,57,68,69,66,71,62,67,74,79,69.1
1276,Amelia Smith,BUZZ-SCI-7,SEC-03,Mr. Chen,74,72,83,93,69,72,84,79,73,83,78,87,84,,71,71,82,78,84,86,80,,90,93,91,70,78,82,91,69,77,89,70,82,70,85,,88,71,,78,91,75,91,80.3
1277,Theodore Williams,BUZZ-ELA-7,SEC-02,Ms. Baker,57,58,50,51,54,54,55,54,64,,66,55,64,44,55,54,66,60,43,49,59,46,,51,66,57,53,57,65,61,52,54,53,,65,57,66,43,42,52,57,54,61,60,55.7
1278,Eleanor White,BUZZ-ELA-7,SEC-03,Ms. Baker,91,90,78,100,86,94,78,87,79,82,94,85,86,79,80,94,84,80,97,82,98,91,78,84,94,84,97,99,100,85,78,81,95,94,100,100,96,93,92,83,99,95,81,100,89.2
1279,Stella Flores,BUZZ-ELA-7,SEC-03,Mr. Edwards,75,61,73,55,73,66,72,,62,52,59,65,68,67,61,53,61,63,,63,,72,67,62,60,66,72,58,,71,,59,62,73,70,74,56,74,69,52,57,58,69,73,64.7
1280,Thomas Roberts,BUZZ-ELA-8,SEC-01,Mr. Chen,66,76,63,77,72,74,80,77,71,72,67,77,64,62,71,78,78,84,71,64,62,74,83,70,84,77,70,70,81,69,78,73,80,85,63,79,,66,84,71,73,68,64,83,73.3
1281,Ryan Jones,BUZZ-ELA-8,SEC-03,Mr. Chen,62,56,59,53,40,39,39,57,50,58,59,56,39,58,57,55,52,45,45,61,44,,59,52,49,55,49,61,47,46,52,51,60,55,61,57,46,41,43,45,53,58,52,55,51.9
1282,Isabella Clark,BUZZ-SCI-7,SEC-03,Mr. Chen,77,68,83,,88,77,88,70,70,70,71,76,71,81,65,84,65,86,66,68,69,85,86,84,75,79,,66,75,76,89,89,65,74,76,,87,81,70,68,75,87,79,72,76.4
1283,Theodore Gonzalez,BUZZ-ELA-8,SEC-03,Ms. Davis,51,45,47,42,60,52,60,58,65,62,42,48,48,57,48,47,64,41,55,59,61,65,45,49,54,49,48,61,55,47,47,61,47,52,54,51,59,48,57,47,51,47,61,53,52.7
1284,Andrew Sanchez,BUZZ-MATH-7,SEC-03,Mr. Anderson,83,79,84,96,93,98,83,83,79,82,78,98,79,,97,97,91,78,99,90,90,79,90,84,81,,88,77,99,85,82,84,80,100,93,91,81,91,84,79,90,94,88,89,87.3
1285,Emma Lee,BUZZ-MATH-7,SEC-03,Mr. Anderson,,76,76,73,69,64,81,69,76,63,67,70,63,74,77,74,82,79,,65,64,81,82,77,80,62,72,81,76,76,77,76,63,79,60,69,69,67,80,67,60,73,67,65,71.9
1286,Grace Singh,BUZZ-ELA-7,SEC-01,Ms. Davis,75,61,73,63,59,74,65,56,61,57,74,63,70,71,66,59,62,62,60,63,70,74,72,59,60,66,60,69,68,62,55,76,71,53,58,56,64,64,77,65,75,75,60,55,65.0
1287,Camila Walker,BUZZ-MATH-8,SEC-02,Mr. Edwards,77,96,83,87,96,84,78,84,92,94,76,97,85,88,94,81,84,,96,90,76,80,86,,76,79,91,89,84,87,91,86,83,95,78,85,97,92,88,81,88,86,80,92,86.5
1288,Bella King,BUZZ-ELA-8,SEC-03,Mr. Chen,85,66,76,65,80,66,69,65,81,83,77,86,83,68,80,76,76,72,75,65,87,82,70,74,74,85,63,79,78,67,81,67,64,82,72,69,80,70,72,70,68,82,67,82,74.5
1289,Olivia Lee,BUZZ-ELA-7,SEC-03,Mr. Chen,51,55,70,59,64,57,68,50,72,58,68,58,58,55,66,,52,64,66,50,66,72,48,64,,58,53,56,64,63,69,,,65,49,55,57,51,71,63,53,65,70,52,60.1
1290,Dylan Wilson,BUZZ-MATH-7,SEC-01,Ms. Baker,90,100,86,99,100,95,95,93,87,95,100,81,88,89,92,82,100,100,92,100,92,87,100,,89,100,97,99,84,93,91,99,93,98,82,82,86,100,96,99,91,84,,90,92.8
1291,Aria Martinez,BUZZ-ELA-7,SEC-01,Ms. Baker,70,70,82,79,60,70,63,66,83,71,64,60,62,69,80,71,70,81,74,73,65,,65,61,61,62,67,78,78,83,68,68,78,62,82,79,84,71,76,66,71,65,70,72,70.9
1292,Amelia Lee,BUZZ-ELA-8,SEC-02,Mr. Chen,90,,91,97,78,99,89,78,77,81,79,100,87,97,92,96,87,98,97,96,92,83,96,96,81,77,98,92,85,89,76,99,83,80,,,100,77,99,93,92,89,88,95,89.5
1293,Liam Perez,BUZZ-SCI-7,SEC-02,Mr. Anderson,63,61,67,83,83,63,62,67,64,76,66,69,79,68,76,78,,75,74,73,83,80,73,76,62,76,,61,60,69,70,75,78,69,80,60,80,72,63,74,82,82,64,,71.6
1294,Chloe Lopez,BUZZ-SCI-7,SEC-02,Mr. Edwards,,77,58,79,67,58,63,70,74,64,56,56,73,71,55,73,65,75,63,,55,57,,55,70,68,69,62,61,75,78,76,77,57,65,72,65,66,76,67,57,61,60,60,66.0
1295,Isabella Perez,BUZZ-MATH-8,SEC-03,Mr. Edwards,52,60,,47,58,57,67,53,67,54,68,69,57,59,51,68,61,59,59,60,55,67,62,45,62,51,61,67,57,57,68,46,67,65,55,57,46,60,59,53,55,57,57,48,58.2
1296,Jackson Lopez,BUZZ-ELA-7,SEC-01,Mr. Edwards,92,72,79,77,,82,81,86,82,91,75,92,89,77,,80,76,,82,74,78,88,74,74,76,91,95,86,89,89,96,91,92,86,95,76,90,95,91,94,78,79,74,90,84.2
1297,Michael Jones,BUZZ-MATH-7,SEC-02,Ms. Davis,76,80,86,81,86,77,81,86,72,67,74,89,86,87,87,75,86,74,82,66,69,88,70,73,77,82,83,65,77,79,65,86,81,71,65,81,73,72,69,84,72,85,83,82,78.0
1298,Gabriel Rodriguez,BUZZ-SCI-7,SEC-03,Mr. Edwards,78,67,64,68,81,66,77,85,79,75,67,64,75,74,81,,68,75,71,82,64,85,86,79,70,68,69,67,83,68,68,73,83,64,72,86,67,75,63,64,79,74,75,78,73.4
1299,Lucy Harris,BUZZ-MATH-8,SEC-02,Mr. Chen,73,,81,66,66,65,73,77,69,59,79,57,73,,77,67,66,57,63,69,61,,73,,76,66,76,59,57,68,,72,78,57,80,72,63,78,76,72,70,59,73,61,68.8
1300,Addison Sanchez,BUZZ-SCI-7,SEC-03,Ms. Baker,68,65,64,,54,56,74,60,64,56,74,60,69,56,68,55,,59,61,58,57,67,63,,63,55,61,56,,55,53,60,66,,61,58,56,67,73,53,57,70,60,71,61.6
1301,Olivia Clark,BUZZ-MATH-7,SEC-03,Mr. Chen,99,84,90,93,91,100,95,93,,84,87,93,87,100,100,87,92,97,100,78,94,86,83,79,85,98,84,87,93,89,88,100,,94,79,98,,96,90,86,86,83,96,87,90.5
1302,Scarlett Carter,BUZZ-ELA-7,SEC-03,Mr. Anderson,96,87,82,83,99,99,89,93,100,100,100,100,99,84,86,100,99,100,90,100,98,,90,,89,83,100,88,88,99,93,90,84,100,87,83,84,83,87,99,98,90,,100,92.7
1303,Logan Baker,BUZZ-ELA-7,SEC-02,Mr. Anderson,84,91,77,76,86,96,78,97,79,93,82,76,90,78,76,,97,89,97,80,100,76,87,84,,98,91,83,97,79,91,89,95,82,99,,93,85,83,100,82,94,86,86,87.4
1304,Harper Rivera,BUZZ-ELA-8,SEC-03,Mr. Chen,,66,70,65,59,75,65,62,66,69,61,76,70,67,79,66,61,66,76,77,82,60,58,75,63,68,80,67,75,62,60,82,58,66,78,61,80,63,72,61,66,72,60,74,68.3
1305,Sebastian Green,BUZZ-ELA-7,SEC-02,Mr. Chen,,65,49,66,65,69,45,66,58,53,,60,66,53,46,50,49,54,53,63,48,51,45,64,54,48,57,54,45,69,56,50,59,46,61,47,68,63,54,62,58,67,58,59,56.5
1306,Lucas King,BUZZ-MATH-8,SEC-01,Ms. Davis,100,100,99,94,95,100,92,99,99,90,89,84,83,87,84,100,95,96,100,94,88,96,100,94,99,91,100,100,88,88,83,91,,97,93,86,100,88,98,,100,96,97,92,93.9
1307,Harper Davis,BUZZ-MATH-7,SEC-01,Mr. Edwards,68,70,,,70,75,65,78,,81,76,84,83,84,89,,70,,82,77,85,,78,67,75,69,73,84,89,80,74,83,84,70,72,84,82,77,79,80,78,75,76,79,77.5
1308,Logan Clark,BUZZ-ELA-8,SEC-01,Mr. Chen,91,75,96,83,75,74,79,82,83,92,75,81,95,91,87,73,94,82,94,77,85,96,76,84,85,92,93,80,95,94,91,82,82,78,,81,78,93,96,73,81,75,75,82,84.3
1309,Jaxon Moore,BUZZ-MATH-8,SEC-03,Mr. Chen,87,93,84,76,92,100,83,89,81,81,76,82,85,92,80,98,83,91,78,94,80,88,91,88,93,78,90,82,100,87,79,96,82,89,96,85,89,93,83,93,96,87,87,97,87.6
1310,Dylan Roberts,BUZZ-MATH-8,SEC-02,Mr. Anderson,76,72,70,76,78,64,61,64,58,62,78,74,79,71,78,64,56,68,66,63,79,75,76,61,74,78,79,80,63,56,62,70,80,75,64,72,71,68,71,68,63,78,61,75,69.9
1311,John Carter,BUZZ-SCI-7,SEC-02,Mr. Anderson,62,57,54,64,54,59,54,66,52,58,68,58,69,68,61,71,53,48,50,50,56,69,66,53,48,65,61,,54,47,60,65,68,60,51,64,71,62,65,47,69,50,52,67,59.2
1312,Lily Perez,BUZZ-MATH-7,SEC-02,Mr. Chen,61,71,72,62,61,,55,61,51,74,69,,67,66,62,63,59,62,67,57,72,75,54,62,60,71,52,59,55,51,55,,58,65,61,63,62,65,57,68,57,70,62,73,62.6
1313,Andrew Brown,BUZZ-MATH-7,SEC-01,Ms. Baker,90,100,100,93,81,91,83,81,94,90,90,90,99,84,80,100,98,90,84,85,82,89,84,82,87,84,90,100,99,89,98,96,93,82,100,82,100,86,95,96,96,100,97,87,90.8
1314,John Mitchell,BUZZ-ELA-8,SEC-02,Ms. Baker,76,82,88,79,86,79,,73,87,80,79,90,73,71,,79,89,74,85,,76,81,81,74,73,71,91,73,79,93,81,72,88,80,92,70,72,80,93,91,86,79,91,82,81.0
1315,Ethan Harris,BUZZ-ELA-8,SEC-02,Ms. Baker,,64,59,54,62,71,51,57,63,67,67,65,55,50,71,50,69,63,63,49,65,61,53,49,69,50,68,63,52,52,69,55,55,48,63,59,51,60,62,54,59,55,,70,59.3
1316,Ethan Hall,BUZZ-MATH-8,SEC-01,Mr. Edwards,73,69,78,81,87,80,67,84,73,87,70,81,86,65,68,70,73,69,73,73,72,77,76,72,73,68,67,84,76,88,75,81,78,83,77,70,69,69,73,86,82,72,85,70,75.7
1317,Evelyn Kumar,BUZZ-ELA-8,SEC-02,Mr. Anderson,41,61,54,54,54,61,54,43,47,50,46,52,42,60,44,39,42,56,40,43,45,,57,54,52,45,38,38,41,61,38,,46,44,58,,55,48,39,59,45,,57,59,49.0
1318,Gabriel Garcia,BUZZ-MATH-8,SEC-01,Mr. Anderson,65,70,54,52,71,67,58,73,71,60,69,60,62,64,66,58,60,65,61,75,65,64,61,52,66,61,71,63,66,66,74,69,72,56,73,71,55,61,70,75,55,69,60,72,64.7
1319,Evelyn Jackson,BUZZ-SCI-7,SEC-03,Mr. Edwards,66,46,44,46,56,45,44,62,,46,,59,45,44,54,65,57,58,66,44,55,63,61,62,45,64,67,57,51,58,63,67,51,58,65,65,54,53,64,45,47,59,61,47,55.5
1320,John Singh,BUZZ-SCI-7,SEC-01,Mr. Chen,87,82,82,75,86,96,78,92,93,80,87,84,76,92,,86,94,73,74,85,84,93,86,82,85,86,82,,85,89,96,90,97,91,78,91,79,79,82,95,78,95,79,88,85.5
1321,Amelia Hall,BUZZ-MATH-7,SEC-02,Mr. Anderson,80,64,76,84,83,84,72,71,73,72,63,71,64,81,83,66,74,65,65,82,82,71,81,75,74,71,76,74,82,83,66,82,82,86,69,72,77,67,75,63,74,67,83,82,74.7
1322,Natalie Smith,BUZZ-ELA-7,SEC-01,Ms. Baker,58,71,59,53,48,52,59,63,,62,67,67,54,63,51,66,,54,52,62,50,56,47,61,62,66,47,60,69,55,53,49,60,61,,47,51,67,67,54,58,58,67,53,58.0
1323,Lucas Martin,BUZZ-ELA-8,SEC-03,Ms. Baker,43,54,65,66,64,52,50,50,62,53,48,56,59,65,46,51,43,59,60,46,60,44,53,48,47,65,62,55,47,48,47,60,56,60,43,61,58,66,,58,59,54,63,62,55.1
1324,Eleanor Wright,BUZZ-ELA-8,SEC-03,Mr. Anderson,,85,87,100,82,88,90,85,98,95,96,100,99,84,97,96,87,88,100,88,85,,83,91,95,98,92,91,,89,84,83,100,91,97,94,90,84,97,98,97,93,88,,91.6
1325,Jacob Shah,BUZZ-SCI-7,SEC-01,Ms. Davis,69,69,59,58,57,62,45,45,66,58,46,65,55,63,57,,62,61,65,48,59,,53,48,47,56,63,67,60,60,58,58,54,48,45,54,50,52,51,57,,47,66,57,56.6
1326,Liam Adams,BUZZ-MATH-7,SEC-02,Ms. Baker,62,43,63,51,57,56,64,,44,66,63,63,46,,61,42,48,60,43,56,48,46,42,42,53,64,65,54,50,64,62,60,49,60,55,65,66,65,,54,48,50,,55,55.1
1327,Aurora Kim,BUZZ-MATH-7,SEC-02,Mr. Anderson,81,85,87,78,81,78,90,99,89,,95,97,81,,83,96,91,87,95,,95,88,80,81,94,,100,82,95,82,89,92,85,78,85,76,80,82,87,87,79,88,82,97,86.9
1328,Camila Robinson,BUZZ-ELA-7,SEC-02,Mr. Edwards,89,93,,90,72,82,83,84,73,81,70,72,81,73,73,87,91,87,91,88,79,86,80,78,72,74,86,84,91,93,72,78,89,73,75,77,92,87,70,88,81,86,85,84,81.9
1329,Skylar Hall,BUZZ-MATH-8,SEC-03,Mr. Edwards,69,72,63,81,77,73,64,73,79,84,63,77,68,65,86,73,77,67,76,84,78,86,63,73,73,,74,82,66,69,70,67,64,83,70,67,82,82,71,82,72,67,85,85,74.0
1330,Hannah Kim,BUZZ-MATH-8,SEC-01,Mr. Chen,95,85,93,,87,88,100,100,,100,91,95,100,100,87,93,85,100,100,83,100,99,88,87,84,100,100,100,90,94,100,89,96,82,83,88,83,100,82,99,92,87,96,100,92.9
1331,Liam Williams,BUZZ-ELA-7,SEC-01,Ms. Davis,85,78,79,84,82,73,71,76,87,73,78,69,79,88,70,84,79,73,72,93,93,81,84,83,74,85,83,87,82,82,92,91,90,78,82,80,84,76,83,85,82,82,81,83,81.3
1332,Logan Allen,BUZZ-MATH-7,SEC-03,Ms. Baker,59,75,75,64,56,59,74,56,65,75,,60,64,67,74,57,64,69,69,61,54,72,72,71,73,56,52,53,66,73,75,,65,51,73,,64,68,60,52,57,62,70,62,64.5
1333,Nora Harris,BUZZ-MATH-8,SEC-02,Ms. Davis,77,81,65,83,77,74,83,69,80,82,82,72,82,62,82,62,64,60,81,60,63,74,68,71,73,74,64,77,59,63,69,82,61,71,75,66,75,71,72,,69,66,77,75,71.9
1334,Chloe Hall,BUZZ-MATH-7,SEC-01,Mr. Anderson,88,91,97,95,,100,86,99,,97,87,95,100,93,99,95,94,94,91,97,100,96,100,100,,86,85,95,89,,86,100,95,100,99,89,86,100,100,83,92,100,100,92,94.3
1335,Emma Harris,BUZZ-ELA-8,SEC-01,Mr. Edwards,50,49,58,60,53,49,53,62,67,64,60,72,67,50,51,70,69,60,71,57,61,63,59,50,70,54,58,48,71,56,64,53,63,65,56,50,68,57,48,52,60,58,66,53,59.0
1336,Samuel Lewis,BUZZ-SCI-7,SEC-02,Mr. Chen,66,59,54,52,60,55,72,62,76,65,59,56,71,66,74,71,62,56,61,55,75,,70,76,53,56,70,57,59,66,67,74,54,64,73,54,58,55,68,63,64,56,72,57,63.1
1337,Hannah Lee,BUZZ-MATH-8,SEC-03,Mr. Anderson,55,51,64,53,53,66,63,65,49,60,50,53,44,63,64,57,67,45,64,68,67,63,48,68,59,59,44,53,,47,45,,65,58,51,64,60,58,58,55,65,62,51,49,57.2
1338,Camila Miller,BUZZ-MATH-8,SEC-03,Mr. Chen,89,96,100,95,84,100,100,97,100,88,88,83,86,98,100,90,85,,92,97,99,91,100,99,100,89,97,100,95,98,91,100,100,100,91,100,85,92,100,100,,97,88,85,94.4
1339,Owen Kim,BUZZ-ELA-8,SEC-02,Mr. Chen,67,73,78,84,70,78,78,71,79,91,75,79,75,82,75,79,79,81,84,86,68,82,89,67,80,88,,85,74,68,90,80,79,82,87,75,67,86,71,69,87,84,75,78,78.5
1340,Riley Wilson,BUZZ-SCI-7,SEC-02,Ms. Davis,77,63,68,71,67,68,80,62,65,79,74,,84,75,81,83,62,66,79,68,64,76,77,72,,77,69,79,81,68,75,61,69,68,79,,79,79,73,61,72,77,81,82,73.0
1341,Dylan Kumar,BUZZ-ELA-7,SEC-01,Ms. Baker,54,46,61,48,64,61,65,66,62,54,50,65,49,65,49,54,57,53,56,47,49,51,60,61,51,68,59,60,49,61,49,57,46,68,,53,49,55,69,63,56,53,60,59,56.6
1342,Isabella Anderson,BUZZ-ELA-8,SEC-02,Ms. Baker,49,49,52,54,56,46,44,51,64,54,55,59,47,59,62,61,54,55,55,43,54,60,57,64,61,53,49,48,58,52,61,62,58,49,63,64,48,49,62,58,,52,59,60,55.1
1343,Mason Martin,BUZZ-MATH-8,SEC-03,Ms. Baker,70,62,75,77,76,56,55,73,,79,,55,66,73,56,73,72,77,55,72,77,64,76,73,,56,69,71,,64,59,63,68,,79,67,64,56,60,74,58,65,58,66,66.9
1344,Scarlett Baker,BUZZ-ELA-7,SEC-03,Mr. Anderson,88,75,85,80,83,88,78,75,83,73,86,84,91,95,80,71,76,78,,79,74,82,79,84,78,83,76,88,77,93,80,90,91,72,73,92,,79,83,93,78,77,74,73,81.4
1345,Lincoln Thomas,BUZZ-MATH-7,SEC-01,Ms. Baker,42,43,47,53,47,66,45,,60,,61,46,58,53,66,47,43,,52,51,64,55,42,61,44,66,48,63,,57,61,57,49,47,61,46,46,66,65,45,45,60,63,52,53.6
1346,Isabella Nelson,BUZZ-MATH-7,SEC-03,Mr. Anderson,80,84,78,89,77,89,71,74,88,90,68,90,,76,,85,83,,78,,,73,82,85,82,84,68,80,77,75,77,77,78,87,71,87,73,88,67,87,82,78,84,86,80.2
1347,Harper Brown,BUZZ-ELA-8,SEC-01,Mr. Anderson,96,86,92,86,80,78,75,82,74,87,96,87,78,86,94,95,92,79,91,86,,76,93,77,91,76,77,87,87,91,95,76,,81,75,85,82,85,95,88,87,88,89,81,85.3
1348,Mateo Green,BUZZ-MATH-8,SEC-01,Ms. Baker,70,67,69,82,78,73,64,76,78,60,64,,78,73,67,60,73,76,81,65,69,76,65,75,64,76,82,70,68,64,71,71,60,67,76,66,60,60,61,62,63,62,72,80,69.6
1349,Ava Robinson,BUZZ-ELA-7,SEC-03,Ms. Baker,61,,,42,52,46,43,41,58,,49,50,57,63,51,43,62,55,47,50,57,46,48,59,45,55,63,63,55,60,61,54,41,54,60,51,41,46,57,62,53,52,56,61,52.9
1350,Logan Hall,BUZZ-SCI-7,SEC-01,Ms. Baker,77,70,89,68,69,89,92,88,71,76,78,89,84,83,73,76,83,83,88,82,80,87,79,83,79,90,68,72,81,76,80,91,78,75,83,85,76,71,69,76,81,72,74,77,79.3
1351,Scarlett Miller,BUZZ-SCI-7,SEC-01,Mr. Chen,81,100,100,77,81,92,89,81,78,99,99,100,85,,85,87,82,84,100,90,,99,79,96,95,,96,85,89,88,89,88,91,91,82,98,85,91,91,,84,91,95,85,89.5
1352,Layla Sanchez,BUZZ-ELA-7,SEC-02,Mr. Anderson,79,68,89,68,87,85,68,82,84,85,76,75,86,88,68,66,65,76,77,75,78,,80,89,,70,65,71,71,89,72,65,81,80,69,89,78,86,75,76,71,72,67,83,76.8
1353,Luke Brown,BUZZ-MATH-7,SEC-01,Mr. Chen,73,56,49,58,57,63,60,66,55,54,59,60,53,70,61,62,73,69,51,64,57,51,50,53,65,69,62,,52,63,67,66,62,72,,60,70,57,69,71,64,56,55,51,60.8
1354,Riley Nelson,BUZZ-MATH-7,SEC-03,Ms. Baker,63,66,58,55,61,48,70,59,54,58,63,69,57,55,65,54,47,62,50,61,66,53,47,64,60,,50,62,68,48,56,52,55,52,49,54,69,68,70,53,63,64,,57,58.5
1355,Jacob Kim,BUZZ-MATH-8,SEC-02,Mr. Anderson,61,72,75,68,58,72,72,74,63,60,62,76,70,72,66,73,73,61,82,64,,59,71,67,70,60,82,58,77,79,81,73,75,65,61,,64,59,61,64,77,75,77,62,68.8
1356,Leo Kim,BUZZ-MATH-8,SEC-03,Ms. Davis,71,77,63,75,80,76,61,70,63,82,,76,64,83,84,77,82,65,67,82,83,82,70,66,81,69,78,81,76,83,84,67,82,79,81,62,84,,62,69,73,81,65,67,74.4
1357,Paisley Martinez,BUZZ-SCI-7,SEC-03,Mr. Edwards,54,67,55,55,70,57,56,64,54,50,47,67,69,53,69,59,60,49,69,66,51,58,54,62,65,53,53,57,48,53,65,50,65,66,50,63,64,66,68,55,48,57,51,53,58.3
1358,Owen Wilson,BUZZ-ELA-7,SEC-01,Ms. Davis,100,95,88,95,85,81,96,79,83,88,100,95,86,100,98,86,98,79,87,100,95,97,78,87,93,93,98,85,77,88,,77,91,93,96,91,82,99,77,98,92,92,87,95,90.2
1359,Samuel Taylor,BUZZ-SCI-7,SEC-02,Ms. Baker,59,72,70,67,62,77,74,77,62,57,55,71,57,65,72,76,79,79,61,79,,73,71,65,71,64,75,71,76,72,57,69,71,,63,79,67,64,65,77,76,69,69,58,68.9
1360,Thomas Thomas,BUZZ-MATH-7,SEC-01,Mr. Edwards,58,64,62,62,,48,55,50,64,63,65,60,67,45,53,53,46,60,43,45,46,56,52,53,55,51,57,47,62,,52,52,59,65,60,50,48,49,61,58,65,,46,,55.2
1361,Joseph Jackson,BUZZ-ELA-8,SEC-02,Mr. Edwards,82,95,84,91,94,93,95,,77,,77,100,77,97,80,91,95,86,93,77,83,92,100,84,83,100,92,98,89,,91,100,97,80,79,87,98,80,84,99,96,99,90,91,89.7
1362,Jack Wright,BUZZ-MATH-7,SEC-01,Ms. Davis,84,86,84,82,82,,94,76,78,88,96,91,91,74,91,88,94,84,90,73,74,83,96,83,81,,83,81,83,80,97,86,86,94,,93,83,91,88,79,94,89,78,80,85.6
1363,Evelyn Chen,BUZZ-SCI-7,SEC-01,Ms. Davis,58,52,44,53,61,47,58,60,47,50,63,50,49,43,58,49,53,52,63,54,50,62,55,56,58,65,45,49,47,67,59,62,62,61,61,65,67,54,58,46,61,47,47,48,54.9
1364,Michael Robinson,BUZZ-ELA-7,SEC-01,Ms. Davis,67,57,56,58,52,67,71,55,52,,67,47,66,50,48,67,48,59,58,53,47,64,70,55,65,63,58,47,52,,50,,64,64,54,61,70,,64,61,66,66,68,53,59.0
1365,Ethan King,BUZZ-MATH-8,SEC-01,Mr. Anderson,65,80,66,,66,66,59,74,73,62,68,70,,71,65,67,58,80,59,63,82,68,69,71,67,77,76,81,80,69,76,73,59,76,60,64,59,73,69,,71,68,61,72,69.1
1366,Josiah Martin,BUZZ-ELA-7,SEC-03,Ms. Davis,69,76,79,,74,85,88,78,78,74,67,67,74,65,77,67,72,81,82,78,,70,82,68,82,83,65,,71,79,70,66,79,68,78,64,67,66,73,74,69,82,67,85,74.1
1367,Ethan Moore,BUZZ-ELA-7,SEC-01,Mr. Chen,67,82,86,81,65,80,,85,81,77,75,78,82,82,,72,82,78,66,76,,86,64,65,74,76,85,83,70,86,84,78,79,82,76,74,69,66,72,69,72,81,65,64,76.0
1368,Samuel Miller,BUZZ-ELA-7,SEC-02,Ms. Baker,67,71,78,70,85,69,63,81,77,70,70,,78,77,82,72,74,85,61,81,63,63,78,62,80,76,73,67,66,76,79,65,80,75,76,68,,,61,66,83,63,77,74,72.7
1369,Thomas Young,BUZZ-SCI-7,SEC-03,Ms. Davis,58,62,62,60,49,64,46,50,68,,53,55,66,53,65,59,65,69,60,55,58,55,,,51,67,49,47,58,53,64,56,47,45,60,48,58,69,69,,63,47,51,62,57.4
1370,William Carter,BUZZ-ELA-7,SEC-01,Mr. Anderson,,49,49,46,65,49,66,55,50,56,58,61,68,65,48,49,67,58,,56,62,56,58,60,48,56,60,64,65,68,57,54,48,66,68,45,54,61,52,,60,47,63,63,57.3
1371,Mia Johnson,BUZZ-ELA-8,SEC-03,Ms. Davis,90,83,98,96,94,97,99,99,99,100,83,100,96,100,95,82,92,88,85,82,100,84,95,95,99,100,85,100,100,100,100,100,100,96,,92,84,,99,97,86,88,100,97,94.2
1372,Ava Baker,BUZZ-ELA-7,SEC-01,Mr. Anderson,72,74,,,78,75,94,85,91,93,81,79,95,88,84,80,72,75,86,88,72,87,81,78,93,94,80,80,92,,89,76,87,82,86,86,90,88,88,86,91,91,93,80,84.4
1373,Grace Thomas,BUZZ-ELA-8,SEC-03,Ms. Davis,71,80,83,77,72,73,94,76,73,94,83,71,72,79,77,79,81,90,80,93,72,84,93,76,92,92,83,91,94,93,,86,85,73,,92,73,90,75,76,88,76,77,90,82.1
1374,Avery Singh,BUZZ-MATH-8,SEC-02,Ms. Baker,87,85,82,78,75,88,79,89,94,95,85,84,92,89,84,77,86,83,93,89,86,86,94,84,96,86,82,90,82,94,84,96,89,,83,96,96,87,92,76,91,80,94,81,87.0
1375,Jacob Lopez,BUZZ-ELA-7,SEC-01,Mr. Chen,80,79,69,76,72,72,72,83,74,74,74,86,77,84,86,85,81,91,86,72,87,85,80,92,80,73,73,90,70,76,88,84,86,78,,88,87,87,84,73,82,80,85,90,80.7
1376,Samuel Hernandez,BUZZ-ELA-7,SEC-02,Ms. Baker,64,64,77,60,65,60,66,66,79,66,59,75,64,55,73,59,77,57,58,67,75,77,72,77,61,79,59,73,64,70,72,59,56,64,,60,76,79,58,70,65,59,72,62,66.7
1377,Lucas Hill,BUZZ-SCI-7,SEC-01,Ms. Baker,85,88,90,97,93,90,100,83,100,98,,96,93,88,92,90,91,85,100,95,84,86,85,,,96,100,94,90,94,100,84,92,91,89,97,85,100,86,87,89,91,89,93,91.6
1378,Harper Kumar,BUZZ-ELA-7,SEC-02,Ms. Baker,72,92,87,75,85,91,93,81,87,94,85,80,91,92,93,72,,75,74,72,93,81,75,86,90,78,77,88,74,93,73,83,89,91,,87,79,81,78,78,78,89,79,80,83.1
1379,Paisley Taylor,BUZZ-MATH-8,SEC-02,Ms. Baker,,80,61,75,73,65,72,64,74,80,76,62,73,78,72,63,81,63,73,83,72,76,76,79,,76,73,82,62,84,83,70,82,65,63,76,71,80,60,67,62,63,75,63,72.1
1380,Noah Adams,BUZZ-ELA-8,SEC-03,Mr. Edwards,88,92,,76,87,85,70,71,79,83,93,87,84,81,77,85,76,72,74,89,85,79,80,87,77,87,,85,,69,74,80,93,93,72,78,,77,77,,74,76,87,90,81.3
1381,Liam Garcia,BUZZ-ELA-7,SEC-03,Mr. Anderson,68,63,47,53,53,52,66,52,62,70,71,53,63,51,55,68,61,66,67,47,47,61,48,71,51,61,70,65,70,48,54,59,67,58,64,58,51,60,55,70,67,60,56,55,59.4
1382,James Green,BUZZ-MATH-8,SEC-01,Mr. Chen,64,53,56,66,62,66,56,66,50,67,60,64,74,,66,58,51,74,69,51,60,62,,59,63,73,50,73,53,67,60,62,64,,,51,55,56,55,71,60,53,65,69,61.4
1383,Abigail Roberts,BUZZ-MATH-8,SEC-02,Ms. Baker,55,53,62,68,47,50,49,65,67,59,47,45,48,66,,63,48,66,61,64,61,51,61,55,53,69,49,49,63,,47,47,59,55,61,54,59,62,66,69,57,47,56,64,57.1
1384,Aiden White,BUZZ-ELA-7,SEC-01,Mr. Anderson,80,98,,100,94,97,100,95,80,83,100,95,83,100,100,87,86,99,80,80,98,,95,87,100,100,96,85,93,100,100,95,82,90,98,,80,86,89,91,85,100,90,85,91.8
1385,Paisley Lewis,BUZZ-MATH-8,SEC-03,Mr. Edwards,87,78,76,92,85,90,72,82,75,91,95,,77,85,80,79,92,74,74,85,,91,73,,71,82,78,80,84,85,90,,79,75,94,82,85,87,84,84,77,82,81,92,82.6
1386,Lily Harris,BUZZ-MATH-7,SEC-03,Ms. Baker,91,72,71,82,80,88,81,85,71,88,86,82,80,76,79,83,72,73,89,81,90,82,95,93,87,85,92,92,80,85,72,83,81,78,95,95,81,93,72,81,76,80,92,86,83.1
1387,Abigail Jones,BUZZ-MATH-7,SEC-02,Mr. Edwards,53,56,57,56,62,57,55,44,58,63,47,61,58,59,57,63,55,60,54,44,40,42,53,55,63,63,48,59,47,44,60,41,60,40,62,40,52,59,59,53,44,43,61,52,53.6
1388,Nora Rodriguez,BUZZ-ELA-7,SEC-01,Mr. Chen,,88,100,94,94,86,84,94,100,95,83,98,94,84,92,100,95,96,83,100,,84,88,100,83,95,80,98,87,100,100,90,96,86,81,93,86,83,84,,100,89,99,100,91.8
1389,Theodore Thomas,BUZZ-MATH-7,SEC-03,Ms. Davis,47,48,50,56,58,67,45,62,57,51,67,55,64,59,62,65,64,44,59,59,43,45,61,61,56,63,48,57,47,46,64,56,58,59,60,,62,45,50,66,47,60,47,58,55.8
1390,James Martinez,BUZZ-MATH-7,SEC-03,Mr. Chen,60,39,,54,57,54,41,,43,46,61,47,46,50,43,54,62,56,41,62,56,60,59,60,60,57,39,50,42,56,56,55,48,55,59,61,59,48,44,63,51,46,58,43,52.4
1391,Ava Campbell,BUZZ-ELA-7,SEC-02,Mr. Anderson,46,54,62,42,54,49,62,64,52,,49,59,62,55,61,63,44,52,40,40,44,60,49,43,48,48,59,52,61,64,58,42,40,51,59,63,61,48,42,42,46,,45,,52.1
1392,Bella White,BUZZ-ELA-8,SEC-01,Mr. Anderson,97,83,96,100,98,100,86,90,,86,100,98,83,82,95,83,82,,83,100,100,98,99,90,100,95,99,100,98,84,85,85,100,100,92,92,100,88,98,94,100,100,92,86,93.3
1393,Stella Walker,BUZZ-MATH-8,SEC-03,Ms. Baker,83,74,77,86,82,81,66,79,79,85,68,85,72,66,66,76,78,64,85,83,66,66,82,77,82,80,73,81,72,85,80,,67,75,66,85,84,85,78,64,82,81,81,67,76.6
1394,Samuel Mitchell,BUZZ-SCI-7,SEC-02,Ms. Baker,73,60,60,80,66,82,67,75,77,,60,73,75,,60,65,65,82,72,83,60,,77,69,78,80,79,60,64,65,68,67,76,67,67,70,63,75,65,63,65,67,62,69,69.5
1395,Logan Gonzalez,BUZZ-MATH-8,SEC-03,Mr. Chen,49,54,45,55,42,45,62,,47,44,63,,62,59,55,61,50,49,46,41,59,53,42,61,43,41,61,,53,61,62,54,59,45,40,53,,50,52,55,44,59,61,59,52.4
1396,Benjamin Smith,BUZZ-SCI-7,SEC-01,Ms. Baker,79,85,78,83,85,81,81,80,88,84,69,67,70,67,72,89,88,66,78,75,72,70,,71,75,81,84,84,80,83,75,83,87,79,65,69,81,71,66,77,75,71,87,83,77.5
1397,Joseph Hall,BUZZ-MATH-8,SEC-02,Ms. Davis,52,63,65,65,67,70,66,76,61,76,70,61,71,72,71,53,66,74,75,64,66,60,61,60,68,68,65,66,62,64,,53,74,74,52,56,60,,60,59,60,64,65,64,64.7
1398,Avery King,BUZZ-ELA-7,SEC-01,Ms. Davis,73,87,79,78,75,78,,73,86,89,75,88,81,96,96,,87,74,93,74,89,88,80,87,94,84,92,92,86,96,96,93,,90,83,82,94,87,77,82,88,86,75,77,84.9
1399,Addison Thompson,BUZZ-ELA-7,SEC-03,Mr. Chen,55,55,66,66,52,56,67,55,70,49,64,54,71,,53,49,51,59,66,56,51,50,,60,73,62,53,62,65,70,57,53,64,61,56,55,58,64,55,59,61,65,54,62,59.1
1400,Aiden Allen,BUZZ-SCI-7,SEC-02,Ms. Davis,91,80,94,81,79,93,,84,95,90,83,87,77,87,72,88,72,79,72,74,84,75,88,81,90,83,90,73,78,79,,76,89,85,86,78,85,96,79,79,79,85,78,77,82.6
1401,John Scott,BUZZ-SCI-7,SEC-01,Mr. Anderson,94,95,94,89,80,94,89,94,87,86,86,88,98,86,80,90,89,92,84,84,89,100,87,89,87,80,100,100,82,100,100,100,100,92,95,100,93,,,92,94,88,83,100,91.2
1402,Sofia Clark,BUZZ-MATH-8,SEC-01,Mr. Edwards,73,68,75,73,69,59,64,80,70,60,77,56,,67,77,75,79,66,62,78,66,73,73,62,72,75,58,79,69,77,64,69,72,80,68,64,56,69,56,76,59,72,,75,69.3
1403,Mateo Hill,BUZZ-ELA-7,SEC-02,Mr. Anderson,87,77,74,88,86,73,69,78,68,89,71,70,68,,84,89,90,76,91,92,91,83,85,74,68,80,87,86,,72,80,84,69,87,92,68,87,76,78,68,86,82,75,86,80.1
1404,Leo Nguyen,BUZZ-SCI-7,SEC-01,Mr. Edwards,51,45,58,40,44,53,60,47,47,,59,61,60,52,51,48,45,58,58,49,48,48,41,51,48,56,43,40,60,39,57,41,56,48,43,51,42,45,58,54,56,43,41,61,50.1
1405,William Martin,BUZZ-MATH-8,SEC-03,Ms. Davis,,69,84,81,75,87,80,92,80,78,88,82,91,69,86,71,,87,75,84,77,90,86,73,81,90,86,77,71,72,73,93,91,73,93,83,69,89,,89,72,86,76,72,81.0
1406,Scarlett Anderson,BUZZ-ELA-8,SEC-03,Ms. Davis,80,72,88,80,86,72,78,87,78,76,70,72,76,69,74,75,68,84,77,82,73,71,90,,86,68,69,70,75,77,68,69,76,76,83,67,89,83,82,87,68,81,75,88,77.1
1407,Mason White,BUZZ-SCI-7,SEC-03,Ms. Baker,61,43,47,53,42,44,51,64,50,57,42,59,43,44,58,49,61,63,46,57,55,44,61,42,46,48,45,64,46,46,49,49,54,42,59,47,50,55,43,49,42,47,58,56,50.7
1408,Ethan Clark,BUZZ-MATH-8,SEC-01,Ms. Davis,62,68,62,72,58,76,55,75,52,59,68,63,74,70,60,63,,75,59,56,66,69,67,52,75,,57,53,70,59,59,55,53,72,52,62,76,70,56,69,,67,62,64,63.7
1409,Andrew Anderson,BUZZ-ELA-7,SEC-01,Ms. Baker,68,76,79,72,62,70,82,79,71,61,61,75,65,73,71,58,73,68,61,78,,74,81,68,77,75,73,74,63,69,60,71,68,70,70,78,74,60,58,76,74,70,71,63,70.2
1410,Jack Torres,BUZZ-SCI-7,SEC-01,Mr. Anderson,77,,75,80,79,69,70,90,82,80,81,91,67,80,76,83,81,82,,91,84,80,86,73,84,91,90,91,83,78,75,75,68,71,77,71,89,72,67,91,69,79,84,80,79.6
1411,Josiah Campbell,BUZZ-MATH-8,SEC-01,Mr. Chen,65,56,53,69,48,53,60,68,71,67,61,58,51,58,47,67,50,71,60,,47,64,58,62,63,54,49,65,59,69,66,50,51,48,,54,55,66,51,49,67,51,54,60,58.2
1412,Ryan Gonzalez,BUZZ-ELA-7,SEC-01,Mr. Chen,81,91,77,100,78,89,80,83,92,91,91,80,96,81,99,80,79,,,87,100,82,79,100,81,85,83,90,90,83,78,87,78,91,84,81,79,97,81,86,,90,91,96,86.5
1413,Theodore Wright,BUZZ-ELA-7,SEC-02,Mr. Edwards,85,93,100,99,92,86,77,95,95,95,90,78,82,83,97,100,98,99,91,90,89,99,79,95,79,83,,100,93,,78,81,82,87,89,83,93,87,98,99,94,86,83,79,89.5
1414,Mia Mitchell,BUZZ-ELA-7,SEC-01,Mr. Anderson,69,66,71,,88,68,69,87,75,82,66,73,85,83,74,87,80,83,76,65,68,86,73,86,77,84,80,76,70,78,67,,83,77,75,68,75,88,89,70,85,69,74,80,76.8
1415,Theodore Garcia,BUZZ-ELA-7,SEC-03,Ms. Davis,70,75,72,,74,80,71,72,72,82,89,76,75,84,82,67,84,74,72,88,70,85,,65,71,87,74,71,74,87,65,68,73,84,89,86,72,78,70,78,87,82,81,83,77.1
1416,Thomas Thompson,BUZZ-MATH-8,SEC-01,Ms. Baker,69,57,64,59,72,59,51,65,53,61,57,68,67,64,64,67,,59,62,61,68,61,59,57,54,52,71,57,70,57,72,69,,55,52,,63,70,59,58,61,62,64,72,62.0
1417,Liam Thompson,BUZZ-ELA-8,SEC-02,Mr. Edwards,82,90,72,72,72,73,93,75,76,73,82,77,87,93,87,86,77,89,73,86,76,79,,89,93,88,76,75,92,76,95,93,94,85,87,91,90,80,87,91,90,90,76,81,83.5
1418,Victoria Brown,BUZZ-SCI-7,SEC-02,Mr. Edwards,65,63,75,64,63,72,61,66,61,66,63,63,74,64,62,75,68,75,66,,,69,63,57,74,66,73,59,67,63,61,76,58,54,57,68,62,71,69,64,71,69,76,61,66.0
1419,Michael Sanchez,BUZZ-ELA-8,SEC-03,Ms. Davis,65,58,53,,60,51,58,63,50,60,,55,54,47,57,58,57,55,53,44,54,52,52,57,47,54,46,43,53,54,65,56,47,47,63,63,51,50,45,64,53,62,65,45,54.4
1420,Logan Torres,BUZZ-ELA-7,SEC-01,Ms. Baker,51,51,54,44,63,65,51,51,44,66,68,58,47,68,45,59,,50,55,45,64,50,,64,,53,52,54,48,51,67,50,63,52,68,50,66,56,46,64,51,55,66,60,55.7
1421,Nora Rivera,BUZZ-ELA-7,SEC-02,Ms. Baker,53,50,73,55,53,49,70,68,70,70,61,55,49,51,64,73,70,55,73,72,72,50,62,70,65,63,53,50,57,57,55,63,60,73,69,70,62,66,61,56,69,65,62,51,61.7
1422,Ella Green,BUZZ-MATH-7,SEC-02,Mr. Edwards,66,60,63,79,60,82,60,,71,80,68,60,59,71,63,80,62,75,,75,80,65,62,81,81,65,58,73,72,72,60,73,77,76,75,69,72,69,59,75,80,72,75,62,69.9
1423,William Lewis,BUZZ-ELA-8,SEC-02,Ms. Davis,72,60,72,64,65,65,69,67,70,61,57,65,73,78,59,75,,79,71,66,74,74,,79,61,67,80,76,60,75,66,65,57,59,68,61,66,,77,76,62,63,61,78,68.1
1424,Isabella Rodriguez,BUZZ-SCI-7,SEC-03,Mr. Anderson,61,63,67,51,69,67,62,59,53,63,58,49,65,59,55,58,69,65,55,56,51,67,,57,47,57,64,54,59,46,69,52,53,68,60,64,59,56,69,48,53,53,56,59,58.7
1425,Charlotte Jackson,BUZZ-SCI-7,SEC-02,Mr. Anderson,79,84,83,89,87,71,88,70,86,70,91,68,79,79,87,68,79,68,72,74,81,85,80,89,82,91,77,,92,86,73,71,75,70,83,85,72,84,82,71,82,80,81,84,79.7
1426,Josiah Torres,BUZZ-MATH-7,SEC-01,Ms. Davis,54,58,60,49,45,65,56,51,49,52,48,51,53,46,45,60,,45,56,43,55,,48,43,60,64,44,46,47,61,45,43,46,41,,64,,46,54,44,54,51,58,45,51.1
1427,Andrew Carter,BUZZ-ELA-8,SEC-03,Ms. Baker,83,91,80,92,80,87,72,71,68,91,89,82,87,78,77,70,69,81,90,69,80,69,87,78,85,80,81,77,87,80,81,80,85,87,70,69,73,,87,91,87,79,85,74,80.4
1428,Mateo Roberts,BUZZ-MATH-7,SEC-03,Mr. Anderson,63,57,56,48,51,61,64,48,52,60,69,55,69,51,58,,55,69,68,53,68,48,48,68,61,65,48,59,64,51,,71,59,71,71,69,66,61,58,69,53,65,54,63,59.9
1429,Lucy Anderson,BUZZ-ELA-7,SEC-01,Mr. Edwards,52,70,56,62,52,75,71,53,63,54,62,,75,65,61,71,57,59,,72,59,,55,53,70,55,54,,76,63,,61,54,73,58,72,56,61,74,62,57,66,64,68,62.6
1430,Christopher Allen,BUZZ-ELA-7,SEC-03,Mr. Anderson,81,72,69,70,71,68,65,76,82,67,66,82,68,80,75,71,74,63,66,75,69,,72,77,81,82,69,,74,73,64,62,69,63,80,67,59,71,60,75,78,61,79,76,71.5
1431,Mason Carter,BUZZ-MATH-8,SEC-01,Mr. Chen,82,79,95,93,83,77,83,91,98,80,81,78,80,96,90,90,90,96,79,80,83,82,76,80,95,88,74,93,90,74,82,83,75,95,76,76,92,93,81,87,85,77,78,76,84.4
1432,Sebastian Clark,BUZZ-MATH-7,SEC-01,Ms. Baker,48,57,63,51,49,52,59,52,56,62,45,60,57,47,53,44,44,51,45,49,57,50,51,54,62,61,54,68,63,55,57,45,62,61,45,67,65,45,53,63,55,63,46,51,54.5
1433,Grace Rodriguez,BUZZ-ELA-8,SEC-01,Mr. Chen,81,66,87,89,88,78,,82,69,70,84,69,72,87,80,84,73,84,83,83,84,69,81,84,78,88,79,82,85,80,74,70,70,83,70,79,89,86,79,73,79,74,82,75,79.1
1434,Anthony Williams,BUZZ-MATH-7,SEC-02,Ms. Davis,58,65,62,68,59,60,59,49,62,62,49,,52,61,66,50,50,55,50,67,47,58,49,60,54,69,57,59,58,48,54,69,68,57,51,45,48,56,65,63,,54,53,53,57.1
1435,Aria Mitchell,BUZZ-SCI-7,SEC-01,Mr. Chen,60,76,,59,66,64,68,61,77,59,65,60,74,76,59,57,63,77,54,,57,60,56,67,69,59,61,70,70,64,71,69,55,77,62,61,60,55,53,54,57,,71,68,63.9
1436,Noah Hernandez,BUZZ-ELA-7,SEC-03,Ms. Davis,73,74,,91,78,84,74,82,85,72,69,88,90,77,85,86,85,74,87,75,90,81,85,89,71,79,72,87,91,68,80,89,88,92,91,73,85,92,75,88,87,88,84,71,82.0
1437,Dylan Thompson,BUZZ-MATH-7,SEC-03,Mr. Chen,,65,76,69,60,61,68,64,68,61,64,78,56,72,70,56,71,66,67,66,59,64,58,74,72,75,59,68,60,72,66,,68,69,68,55,67,56,71,76,,59,63,75,66.1
1438,Scarlett Chen,BUZZ-MATH-7,SEC-03,Mr. Edwards,,77,91,70,75,,83,71,,81,88,74,91,86,77,83,80,72,94,80,91,85,92,74,70,76,72,77,75,,78,70,83,92,93,75,85,73,,76,89,91,83,90,81.1
1439,James Thomas,BUZZ-ELA-8,SEC-02,Mr. Chen,66,62,67,67,66,61,76,64,70,63,,79,62,68,66,60,64,63,66,66,60,82,81,68,66,74,79,79,73,72,72,65,77,71,78,59,67,,75,71,73,73,71,73,69.4
1440,Ethan Baker,BUZZ-MATH-7,SEC-01,Mr. Chen,46,55,55,60,54,55,49,53,57,62,62,64,55,63,50,45,68,57,49,47,67,48,,66,62,48,53,69,45,66,60,53,64,53,62,59,65,45,51,49,67,51,50,55,56.1
1441,Jacob Lee,BUZZ-ELA-8,SEC-03,Mr. Anderson,96,,100,92,,96,88,84,94,87,86,87,84,98,91,88,95,100,100,96,100,100,100,100,91,100,90,100,100,84,98,100,100,84,100,98,94,97,100,95,,,92,91,94.4
1442,Dylan Rodriguez,BUZZ-MATH-8,SEC-02,Mr. Edwards,98,93,86,87,84,90,93,83,100,91,100,84,100,,85,96,89,90,100,100,,85,94,93,87,92,88,85,95,90,100,95,100,97,96,88,83,91,90,100,89,92,100,94,92.2
1443,Thomas Lee,BUZZ-SCI-7,SEC-03,Mr. Edwards,76,90,96,75,94,89,84,73,89,72,,82,,89,88,92,86,95,,92,93,96,84,76,78,93,74,75,76,73,74,74,75,95,96,89,82,92,89,,84,,76,90,84.5
1444,Layla Lopez,BUZZ-MATH-8,SEC-03,Mr. Anderson,82,97,84,94,98,81,98,76,88,84,85,83,75,88,80,89,,83,90,87,76,92,90,94,91,93,78,84,97,77,87,83,96,92,88,94,76,92,99,96,81,82,86,89,87.3
1445,Jaxon Gonzalez,BUZZ-MATH-8,SEC-03,Mr. Chen,88,,76,85,71,69,82,69,90,69,87,92,85,80,85,81,80,89,87,88,70,69,87,75,72,89,81,73,78,92,89,77,84,,88,88,70,71,75,69,88,77,71,,80.1
1446,Benjamin Perez,BUZZ-SCI-7,SEC-02,Mr. Chen,60,51,47,49,61,51,53,50,52,63,65,56,57,62,47,68,60,53,48,56,47,69,61,57,69,58,51,69,61,68,61,59,62,53,62,66,61,45,64,63,59,47,48,63,57.5
1447,Scarlett Green,BUZZ-ELA-8,SEC-02,Mr. Edwards,86,91,72,82,74,72,72,71,72,91,91,83,88,94,86,75,92,,94,84,94,73,82,94,87,93,91,74,72,70,83,83,93,74,92,80,94,89,,89,77,89,90,74,83.5
1448,Emily Martin,BUZZ-ELA-7,SEC-02,Mr. Anderson,92,76,69,75,74,85,88,87,87,89,88,82,77,84,82,91,72,78,88,,74,91,88,76,75,73,80,86,69,75,89,75,86,78,78,88,82,,78,86,80,73,87,87,81.4
1449,Mia Thompson,BUZZ-ELA-7,SEC-02,Mr. Anderson,73,77,69,90,74,,72,71,73,76,72,74,91,72,76,79,67,76,89,67,72,70,74,76,85,70,81,67,79,80,87,71,90,81,81,86,81,79,87,71,85,81,80,76,77.4
1450,Aria Adams,BUZZ-ELA-7,SEC-02,Mr. Chen,,,51,53,52,62,45,59,45,49,60,57,53,45,55,45,49,62,45,59,43,56,40,58,50,58,55,,43,49,59,40,59,41,41,52,,45,43,54,58,45,60,,51.2
1451,Avery Rodriguez,BUZZ-MATH-7,SEC-03,Ms. Baker,82,80,77,87,70,68,75,85,71,73,79,68,69,66,87,83,83,69,68,,69,71,67,78,84,74,66,67,85,70,77,81,85,66,74,64,86,80,75,87,84,72,74,76,75.6
1452,Zoey Carter,BUZZ-ELA-8,SEC-03,Mr. Chen,,70,81,83,91,92,88,68,84,82,68,77,,90,90,,90,81,90,70,81,77,68,83,74,68,77,71,69,71,86,84,78,86,70,88,81,77,73,81,81,82,87,75,79.6
1453,Olivia Wright,BUZZ-ELA-8,SEC-03,Mr. Chen,92,92,86,85,,95,,86,91,93,92,88,94,77,81,91,84,,95,89,91,85,95,86,95,87,94,96,80,79,83,93,97,99,83,86,78,97,84,,91,81,91,,88.8
1454,Bella Garcia,BUZZ-MATH-7,SEC-02,Mr. Chen,77,66,60,75,75,66,64,79,63,79,60,67,66,61,60,60,64,,61,57,74,79,79,66,60,65,62,65,79,56,76,73,78,62,61,67,78,72,75,58,60,65,70,60,67.4
1455,Daniel Thomas,BUZZ-SCI-7,SEC-02,Ms. Baker,85,91,95,94,86,85,84,89,92,96,85,90,81,84,90,88,99,96,90,94,90,86,,100,90,83,93,94,100,89,88,84,100,95,97,96,,91,100,95,,93,84,100,91.3
1456,Jackson Harris,BUZZ-MATH-8,SEC-01,Mr. Anderson,85,99,98,,87,83,82,85,84,89,83,78,94,86,79,78,98,85,85,93,94,86,82,78,87,94,81,79,98,78,79,83,85,91,97,84,82,82,93,86,83,91,85,85,86.4
1457,Gabriel Williams,BUZZ-MATH-7,SEC-02,Mr. Chen,76,79,,62,58,77,74,71,57,71,65,65,,73,69,79,70,55,56,64,78,65,65,78,59,55,62,70,55,64,74,67,79,78,56,59,64,58,58,75,68,72,72,,67.1
1458,Ella Campbell,BUZZ-MATH-7,SEC-01,Ms. Baker,95,80,86,93,95,82,91,100,89,87,91,83,,91,84,94,100,91,90,90,89,82,90,,97,85,,94,85,82,86,100,100,88,86,96,91,81,82,97,85,91,82,95,89.7
1459,Henry Robinson,BUZZ-MATH-8,SEC-02,Mr. Anderson,96,78,94,88,89,91,77,95,85,83,88,84,94,81,79,89,95,77,88,80,89,88,78,94,89,86,90,,84,87,87,80,93,83,97,85,98,81,96,80,80,96,85,85,87.0
1460,Dylan Gonzalez,BUZZ-SCI-7,SEC-03,Ms. Baker,59,59,72,67,69,66,70,67,65,55,,,53,56,67,57,57,63,62,55,65,50,52,55,68,69,63,61,74,70,57,72,69,58,69,51,67,73,70,71,64,68,64,64,63.4
1461,Natalie Wright,BUZZ-ELA-7,SEC-01,Mr. Anderson,65,73,68,65,82,76,78,81,80,80,76,65,69,68,82,67,81,81,67,73,86,86,68,82,87,79,63,69,65,76,70,78,68,74,71,77,68,71,80,82,85,83,81,80,75.1
1462,Josiah Ramirez,BUZZ-MATH-8,SEC-02,Ms. Davis,58,63,,72,60,57,55,72,67,73,57,62,61,73,77,78,62,69,57,70,79,79,73,56,76,59,56,75,70,56,72,63,,71,55,59,56,76,77,71,75,64,59,71,66.5
1463,Zoey Johnson,BUZZ-ELA-8,SEC-01,Ms. Baker,86,80,82,95,75,99,98,79,,,80,79,,84,82,89,97,82,,86,76,96,94,82,91,85,93,94,97,88,98,96,87,76,89,84,88,81,84,95,97,91,95,95,88.1
1464,Owen Johnson,BUZZ-ELA-8,SEC-01,Ms. Davis,60,74,78,77,60,54,66,64,58,56,54,78,78,65,63,78,73,69,56,71,74,,68,56,71,78,78,77,61,74,63,76,70,59,66,60,72,70,60,54,,71,60,63,67.0
1465,Lincoln Kumar,BUZZ-ELA-7,SEC-03,Mr. Edwards,76,79,95,80,90,94,87,83,94,94,88,85,98,93,77,80,84,76,96,76,89,93,82,78,97,89,88,83,87,75,96,96,98,76,83,96,96,92,97,78,81,87,87,86,87.2
1466,Aiden Davis,BUZZ-ELA-7,SEC-01,Ms. Davis,56,59,59,54,67,66,58,51,66,74,54,52,56,67,51,53,61,71,55,67,51,52,67,63,74,63,57,55,,58,74,61,63,52,56,70,56,53,73,68,53,64,57,68,60.6
1467,Aria Kumar,BUZZ-SCI-7,SEC-01,Mr. Edwards,77,83,82,82,93,93,94,82,89,84,77,71,88,77,79,80,88,71,93,94,84,95,75,80,95,92,88,88,90,80,90,89,80,71,94,90,73,76,81,73,87,86,90,77,84.1
1468,Avery Lee,BUZZ-ELA-8,SEC-02,Mr. Chen,83,100,81,92,81,96,85,85,95,86,79,89,86,92,79,98,83,84,84,96,100,80,100,87,79,98,78,92,,83,81,100,79,95,94,95,95,90,91,98,85,,82,97,88.9
1469,Gabriel Martin,BUZZ-SCI-7,SEC-01,Mr. Chen,66,65,60,66,61,78,71,64,68,57,76,68,81,74,77,65,72,76,61,77,70,80,81,77,75,59,71,75,76,75,64,59,68,58,73,76,73,65,70,61,75,59,65,69,69.5
1470,Jaxon Taylor,BUZZ-MATH-8,SEC-03,Ms. Baker,67,53,51,57,53,62,49,54,57,59,55,72,52,54,68,61,57,64,63,72,66,60,62,56,59,64,72,71,69,,66,71,56,71,58,63,68,67,58,66,63,,71,58,61.8
1471,Logan Roberts,BUZZ-MATH-8,SEC-01,Mr. Chen,82,94,94,87,93,92,89,84,100,100,93,81,100,100,98,91,100,81,80,100,81,90,100,88,85,100,90,86,92,100,89,82,99,93,80,100,93,100,92,100,94,85,87,84,91.6
1472,Lucas Sanchez,BUZZ-MATH-8,SEC-02,Mr. Chen,63,60,68,56,70,69,71,57,67,62,75,66,53,56,60,52,69,,74,74,68,52,55,52,69,57,52,71,,55,68,59,56,66,54,59,73,64,74,75,72,62,58,74,63.5
1473,Christopher Gonzalez,BUZZ-ELA-8,SEC-02,Mr. Edwards,66,69,82,69,73,61,68,61,77,63,68,68,80,75,64,80,73,76,78,59,73,65,70,61,68,83,60,80,68,75,60,59,81,80,71,79,,59,76,81,70,63,80,76,70.9
1474,Joseph White,BUZZ-MATH-8,SEC-03,Mr. Chen,46,57,41,42,52,45,49,49,60,47,54,53,43,45,51,63,45,62,44,52,63,45,48,60,57,57,50,61,47,,40,,51,56,62,42,42,61,54,49,56,,44,43,50.9
1475,Jackson Lee,BUZZ-ELA-7,SEC-03,Mr. Anderson,68,72,65,83,,81,66,63,82,83,86,75,63,62,68,66,86,75,84,78,68,64,70,64,69,83,67,,73,64,63,78,78,75,82,,78,79,80,68,65,69,,70,72.8
1476,Harper Scott,BUZZ-MATH-8,SEC-01,Mr. Edwards,80,78,,82,66,77,84,78,78,75,66,83,81,84,70,63,76,73,83,69,64,70,80,74,86,79,83,86,69,85,79,86,79,79,64,86,78,72,74,76,73,84,71,83,76.9
1477,Mason Jackson,BUZZ-ELA-7,SEC-02,Mr. Edwards,94,,81,83,78,80,94,83,80,94,71,86,88,84,89,90,83,78,86,94,82,85,80,86,72,77,70,78,88,81,72,73,71,90,83,94,88,86,87,78,91,76,73,90,83.0
1478,Sophia Wright,BUZZ-SCI-7,SEC-01,Mr. Anderson,61,49,66,53,53,57,66,68,56,51,,69,60,50,62,66,62,52,61,59,65,59,48,50,49,50,55,54,58,67,54,68,62,,55,49,55,62,58,58,49,66,53,57,57.7
1479,Hannah Rodriguez,BUZZ-SCI-7,SEC-01,Mr. Edwards,69,61,80,73,62,76,82,78,76,63,82,62,67,77,61,67,,,74,78,76,74,76,58,63,75,68,69,58,76,72,79,80,70,68,,79,82,60,60,68,61,71,63,70.6
1480,Michael Lopez,BUZZ-ELA-7,SEC-02,Mr. Anderson,95,100,92,92,95,,92,81,90,100,92,80,,100,80,100,100,,80,89,100,97,100,83,81,83,95,89,89,83,82,95,,93,83,93,96,100,92,85,,95,98,100,91.5
1481,Anthony Carter,BUZZ-ELA-8,SEC-02,Mr. Chen,89,93,93,72,76,76,95,71,,95,72,91,85,,75,88,81,91,72,,78,88,81,94,91,78,80,,,84,87,78,78,89,77,94,82,86,82,93,86,80,80,86,83.8
1482,Thomas Martinez,BUZZ-ELA-8,SEC-02,Mr. Anderson,89,99,79,97,88,97,95,78,75,96,88,99,78,84,82,,95,82,97,98,85,81,76,96,99,75,90,98,98,84,86,87,82,76,,86,82,79,99,78,86,86,88,90,87.7
1483,Benjamin Singh,BUZZ-SCI-7,SEC-03,Ms. Baker,56,62,52,69,,70,52,63,73,53,64,64,53,62,72,64,60,58,75,60,69,56,65,55,75,76,67,,69,67,58,75,76,59,56,72,53,67,59,69,56,72,68,71,64.1
1484,Natalie Ramirez,BUZZ-MATH-7,SEC-03,Mr. Anderson,90,86,80,98,84,80,97,97,,82,92,85,96,75,,94,87,93,91,99,87,83,89,92,92,79,90,86,,83,77,85,85,96,99,88,90,78,93,84,85,78,88,94,88.0
1485,Riley Baker,BUZZ-MATH-7,SEC-03,Ms. Baker,72,65,59,73,61,50,60,56,61,60,56,68,68,59,66,61,71,51,62,56,69,50,51,60,59,52,60,55,50,73,61,58,58,58,50,61,49,60,67,53,53,71,65,52,59.8
1486,Harper Lewis,BUZZ-MATH-8,SEC-03,Mr. Chen,63,67,69,53,61,52,66,48,,70,51,47,58,68,60,70,,,69,55,66,47,55,68,67,60,55,68,47,57,,66,50,67,68,,67,64,50,47,65,67,50,66,60.1
1487,Ava Gonzalez,BUZZ-ELA-7,SEC-01,Mr. Edwards,68,82,67,70,67,75,76,86,73,85,69,88,74,89,77,87,86,74,67,77,76,79,89,85,,80,85,78,,76,80,79,76,68,71,87,76,86,67,88,77,75,86,76,78.0
1488,Noah Williams,BUZZ-ELA-8,SEC-01,Ms. Baker,89,85,87,100,92,86,93,97,85,82,89,89,95,81,83,100,98,84,94,92,93,96,95,90,87,85,91,83,100,84,95,84,91,79,,88,83,84,89,96,98,90,97,91,90.0
1489,Emily White,BUZZ-MATH-7,SEC-02,Ms. Baker,60,59,67,57,68,54,51,68,63,63,48,67,69,56,53,71,55,51,62,54,51,47,66,48,61,,51,55,48,70,50,56,70,62,55,56,50,54,47,47,67,,58,56,57.6
1490,Natalie Clark,BUZZ-SCI-7,SEC-01,Mr. Chen,92,82,85,82,77,,95,76,83,79,96,97,84,74,98,74,95,90,86,92,84,87,82,93,84,86,,96,82,92,81,87,79,86,96,79,81,82,78,,81,94,95,93,86.2
1491,Josiah Kim,BUZZ-MATH-7,SEC-02,Ms. Davis,,100,93,100,86,82,99,84,84,81,93,97,95,84,99,100,87,100,,,78,81,85,96,87,90,99,78,96,90,91,97,86,87,83,95,99,80,91,86,82,86,89,,89.9
1492,Lincoln Davis,BUZZ-ELA-8,SEC-03,Ms. Baker,100,91,100,94,87,98,86,87,100,92,100,100,95,83,93,86,100,94,92,89,100,84,100,88,93,99,100,89,86,,92,,100,86,,100,95,100,86,83,90,100,99,93,93.4
1493,Nora Martin,BUZZ-SCI-7,SEC-01,Mr. Chen,49,67,66,50,66,64,,51,51,55,62,46,,62,54,61,51,66,51,64,55,54,,69,67,47,,45,50,65,50,54,69,46,66,61,68,56,51,55,61,58,64,48,57.4
1494,William Robinson,BUZZ-SCI-7,SEC-03,Mr. Chen,71,77,67,68,70,78,75,83,89,65,76,65,71,78,77,73,84,76,77,86,,75,66,83,65,78,79,73,88,71,78,85,68,79,83,86,74,69,84,65,71,74,79,85,75.9
1495,Paisley Clark,BUZZ-MATH-8,SEC-01,Mr. Chen,81,100,99,85,91,96,84,78,82,95,100,84,91,100,97,87,86,82,84,83,92,100,81,89,87,98,97,93,100,100,93,96,87,83,85,91,85,86,87,81,81,82,81,100,89.5
1496,Alexander Taylor,BUZZ-ELA-8,SEC-03,Mr. Anderson,79,87,83,88,96,80,80,78,77,86,85,94,73,73,84,92,74,90,83,92,80,88,82,,78,87,85,84,86,95,94,88,73,94,81,85,94,91,87,79,88,90,77,,84.8
1497,Samuel Rivera,BUZZ-SCI-7,SEC-02,Mr. Edwards,70,82,83,88,87,92,86,77,84,82,81,88,72,85,78,84,88,71,85,87,80,77,79,72,89,70,76,82,70,69,85,81,87,90,68,68,,73,82,,85,90,78,74,80.4
1498,Liam Lee,BUZZ-MATH-7,SEC-03,Ms. Davis,80,88,77,76,67,80,67,67,89,78,83,85,,88,71,87,67,88,87,,85,68,68,72,70,68,71,91,90,87,87,69,83,87,74,75,89,,,83,86,76,85,70,79.0
1499,Amelia Wright,BUZZ-ELA-7,SEC-01,Mr. Chen,88,88,87,97,88,84,100,100,100,91,,100,86,100,91,98,100,82,83,94,83,90,100,99,97,90,85,100,96,100,96,82,,98,100,98,95,84,99,88,100,94,92,100,93.4
1500,Addison Mitchell,BUZZ-SCI-7,SEC-03,Mr. Chen,65,73,72,54,56,73,63,56,60,56,,67,72,61,66,67,58,52,54,52,69,70,71,73,50,71,71,66,65,58,53,50,68,62,60,71,64,72,55,62,70,59,55,60,62.8
